N,TAG,ID_YPS,SPP,ALT,ID,Genus,Species,Family
1,63,BAR0001,TET2PA,271,BAR.0.1.11.63,Tetragastris,Tetragastris panamensis,Burseraceae
2,69,BAR0002,TET2PA,351,BAR.0.1.11.69,Tetragastris,Tetragastris panamensis,Burseraceae
3,80,BAR0003,TET2PA,371,BAR.0.1.11.80,Tetragastris,Tetragastris panamensis,Burseraceae
4,82,BAR0004,TET2PA,390,BAR.0.1.11.82,Tetragastris,Tetragastris panamensis,Burseraceae
5,85,BAR0005,EUGENE,362,BAR.0.1.11.85,Eugenia,Eugenia nesiotica,Myrtaceae
6,91,BAR0006,TET2PA,342,BAR.0.1.11.91,Tetragastris,Tetragastris panamensis,Burseraceae
7,95,BAR0007,FARAOC,311,BAR.0.1.11.95,Faramea,Faramea occidentalis,Rubiaceae
8,96,BAR0008,POUTRE,411,BAR.0.1.11.96,Pouteria,Pouteria reticulata,Sapotaceae
9,99,BAR0009,EUGENE,353,BAR.0.1.11.99,Eugenia,Eugenia nesiotica,Myrtaceae
10,152,BAR0010,TET2PA,336,BAR.0.1.11.152,Tetragastris,Tetragastris panamensis,Burseraceae
11,156,BAR0011,EUGENE,426,BAR.0.1.11.156,Eugenia,Eugenia nesiotica,Myrtaceae
12,157,BAR0012,EUGENE,290,BAR.0.1.11.157,Eugenia,Eugenia nesiotica,Myrtaceae
13,162,BAR0013,EUGENE,358,BAR.0.1.11.162,Eugenia,Eugenia nesiotica,Myrtaceae
14,29,BAR0014,TET2PA,561,BAR.0.1.21.29,Tetragastris,Tetragastris panamensis,Burseraceae
15,30,BAR0015,TET2PA,411,BAR.0.1.21.30,Tetragastris,Tetragastris panamensis,Burseraceae
16,31,BAR0016,TET2PA,322,BAR.0.1.21.31,Tetragastris,Tetragastris panamensis,Burseraceae
17,33,BAR0017,TET2PA,270,BAR.0.1.21.33,Tetragastris,Tetragastris panamensis,Burseraceae
18,36,BAR0018,CAPPFR,470,BAR.0.1.21.36,Capparidastrum,Capparidastrum frondosum,Capparaceae
19,42,BAR0019,TET2PA,403,BAR.0.1.21.42,Tetragastris,Tetragastris panamensis,Burseraceae
20,44,BAR0020,TET2PA,599,BAR.0.1.21.44,Tetragastris,Tetragastris panamensis,Burseraceae
21,78,BAR0021,TET2PA,342,BAR.0.1.21.78,Tetragastris,Tetragastris panamensis,Burseraceae
22,86,BAR0022,TET2PA,341,BAR.0.1.21.86,Tetragastris,Tetragastris panamensis,Burseraceae
23,100,BAR0023,RINOSY,921,BAR.0.1.21.100,Rinorea,Rinorea sylvatica,Violaceae
24,114,BAR0024,CAPPFR,361,BAR.0.1.21.114,Capparidastrum,Capparidastrum frondosum,Capparaceae
25,121,BAR0025,MOURMY,872,BAR.0.1.21.121,Mouriri,Mouriri myrtilloides,Melastomataceae
26,28,BAR0026,PSYCIP,203,BAR.0.1.24.28,Psychotria,Psychotria ciprianiana,Rubiaceae
27,32,BAR0027,SWARS2,633,BAR.0.1.24.32,Swartzia,Swartzia simplex var. continentalis,Fabaceae
28,46,BAR0028,PSYCIP,500,BAR.0.1.24.46,Psychotria,Psychotria ciprianiana,Rubiaceae
29,68,BAR0029,TET2PA,362,BAR.0.1.31.68,Tetragastris,Tetragastris panamensis,Burseraceae
30,88,BAR0030,CAPPFR,412,BAR.0.1.31.88,Capparidastrum,Capparidastrum frondosum,Capparaceae
31,94,BAR0031,CAPPFR,279,BAR.0.1.31.94,Capparidastrum,Capparidastrum frondosum,Capparaceae
32,112,BAR0032,TET2PA,750,BAR.0.1.31.112,Tetragastris,Tetragastris panamensis,Burseraceae
33,177,BAR0033,CONNTU,320,BAR.0.1.31.177,Connarus,Connarus turczaninowii,Connaraceae
34,83,BAR0034,RINOSY,750,BAR.0.1.32.83,Rinorea,Rinorea sylvatica,Violaceae
35,142,BAR0035,TET2PA,203,BAR.0.1.32.142,Tetragastris,Tetragastris panamensis,Burseraceae
36,175,BAR0036,TET2PA,715,BAR.0.1.32.175,Tetragastris,Tetragastris panamensis,Burseraceae
37,72,BAR0037,TET2PA,282,BAR.0.1.33.72,Tetragastris,Tetragastris panamensis,Burseraceae
38,154,BAR0038,TET2PA,280,BAR.0.1.33.154,Tetragastris,Tetragastris panamensis,Burseraceae
39,164,BAR0039,ACACHA,423,BAR.0.1.33.164,Senegalia,Senegalia hayesii,Fabaceae
40,165,BAR0040,ACACHA,822,BAR.0.1.33.165,Senegalia,Senegalia hayesii,Fabaceae
41,166,BAR0041,TET2PA,418,BAR.0.1.33.166,Tetragastris,Tetragastris panamensis,Burseraceae
42,97,BAR0042,ACACHA,612,BAR.0.1.34.97,Senegalia,Senegalia hayesii,Fabaceae
43,153,BAR0043,ACACHA,565,BAR.0.1.34.153,Senegalia,Senegalia hayesii,Fabaceae
44,155,BAR0044,SWARS1,219,BAR.0.1.34.155,Swartzia,Swartzia simplex var. grandiflora,Fabaceae
45,30,BAR0045,GUSTSU,225,BAR.0.1.41.30,Gustavia,Gustavia superba,Lecythidaceae
46,32,BAR0046,TET2PA,571,BAR.0.1.41.32,Tetragastris,Tetragastris panamensis,Burseraceae
47,55,BAR0047,POUTRE,532,BAR.0.1.41.55,Pouteria,Pouteria reticulata,Sapotaceae
48,56,BAR0048,RINOSY,781,BAR.0.1.41.56,Rinorea,Rinorea sylvatica,Violaceae
49,61,BAR0049,GUSTSU,397,BAR.0.1.41.61,Gustavia,Gustavia superba,Lecythidaceae
50,66,BAR0050,CAPPFR,572,BAR.0.1.41.66,Capparidastrum,Capparidastrum frondosum,Capparaceae
51,81,BAR0051,COCCP1,262,BAR.0.1.41.81,Coccoloba,Coccoloba excelsa,Polygonaceae
52,90,BAR0052,GUSTSU,461,BAR.0.1.41.90,Gustavia,Gustavia superba,Lecythidaceae
53,92,BAR0053,CNESRU,440,BAR.0.1.41.92,Cnestidium,Cnestidium rufescens,Connaraceae
54,109,BAR0054,TET2PA,351,BAR.0.1.41.109,Tetragastris,Tetragastris panamensis,Burseraceae
55,118,BAR0055,FARAOC,773,BAR.0.1.41.118,Faramea,Faramea occidentalis,Rubiaceae
56,119,BAR0056,TET2PA,442,BAR.0.1.41.119,Tetragastris,Tetragastris panamensis,Burseraceae
57,159,BAR0057,TET2PA,583,BAR.0.1.41.159,Tetragastris,Tetragastris panamensis,Burseraceae
58,163,BAR0058,CAPPFR,461,BAR.0.1.41.163,Capparidastrum,Capparidastrum frondosum,Capparaceae
59,135,BAR0059,COCCP1,301,BAR.0.1.43.135,Coccoloba,Coccoloba excelsa,Polygonaceae
60,50,BAR0060,PAULTU,44,BAR.0.1.44.50,Paullinia,Paullinia turbacensis,Sapindaceae
61,64,BAR0061,SWARS1,261,BAR.0.1.44.64,Swartzia,Swartzia simplex var. grandiflora,Fabaceae
62,71,BAR0062,DOLIOL,512,BAR.0.1.44.71,Doliocarpus,Doliocarpus olivaceus,Dilleniaceae
63,117,BAR0063,CONNTU,218,BAR.0.1.44.117,Connarus,Connarus turczaninowii,Connaraceae
64,171,BAR0064,FARAOC,867,BAR.0.1.44.171,Faramea,Faramea occidentalis,Rubiaceae
65,175,BAR0065,PROTTE,506,BAR.1.0.14.175,Protium,Protium tenuifolium,Burseraceae
66,154,BAR0066,CAPPFR,249,BAR.1.0.21.154,Capparidastrum,Capparidastrum frondosum,Capparaceae
67,172,BAR0067,CAPPFR,231,BAR.1.0.21.172,Capparidastrum,Capparidastrum frondosum,Capparaceae
68,19,BAR0068,POUTRE,231,BAR.1.0.22.19,Pouteria,Pouteria reticulata,Sapotaceae
69,144,BAR0069,GUSTSU,203,BAR.1.0.22.144,Gustavia,Gustavia superba,Lecythidaceae
70,164,BAR0070,RINOSY,964,BAR.1.0.22.164,Rinorea,Rinorea sylvatica,Violaceae
71,166,BAR0071,GUSTSU,293,BAR.1.0.22.166,Gustavia,Gustavia superba,Lecythidaceae
72,168,BAR0072,FARAOC,451,BAR.1.0.23.168,Faramea,Faramea occidentalis,Rubiaceae
73,162,BAR0073,RINOSY,256,BAR.1.0.24.162,Rinorea,Rinorea sylvatica,Violaceae
74,141,BAR0074,GUSTSU,132,BAR.1.0.32.141,Gustavia,Gustavia superba,Lecythidaceae
75,152,BAR0075,SWARS1,606,BAR.1.0.32.152,Swartzia,Swartzia simplex var. grandiflora,Fabaceae
76,165,BAR0076,GUSTSU,374,BAR.1.0.32.165,Gustavia,Gustavia superba,Lecythidaceae
77,166,BAR0077,RINOSY,272,BAR.1.0.32.166,Rinorea,Rinorea sylvatica,Violaceae
78,174,BAR0078,RINOSY,762,BAR.1.0.32.174,Rinorea,Rinorea sylvatica,Violaceae
79,162,BAR0079,RINOSY,311,BAR.1.0.33.162,Rinorea,Rinorea sylvatica,Violaceae
80,169,BAR0080,SWARS1,713,BAR.1.0.33.169,Swartzia,Swartzia simplex var. grandiflora,Fabaceae
81,170,BAR0081,PRI1AS,462,BAR.1.0.33.170,Prionostemma,Prionostemma asperum,Celastraceae
82,157,BAR0082,EUGENE,846,BAR.1.0.34.157,Eugenia,Eugenia nesiotica,Myrtaceae
83,118,BAR0083,POUTRE,266,BAR.1.0.41.118,Pouteria,Pouteria reticulata,Sapotaceae
84,123,BAR0084,PROTTE,303,BAR.1.0.41.123,Protium,Protium tenuifolium,Burseraceae
85,125,BAR0085,FARAOC,782,BAR.1.0.41.125,Faramea,Faramea occidentalis,Rubiaceae
86,136,BAR0086,POUTRE,209,BAR.1.0.41.136,Pouteria,Pouteria reticulata,Sapotaceae
87,39,BAR0087,GUSTSU,216,BAR.1.0.42.39,Gustavia,Gustavia superba,Lecythidaceae
88,106,BAR0088,PRI1AS,583,BAR.1.0.42.106,Prionostemma,Prionostemma asperum,Celastraceae
89,107,BAR0089,GUSTSU,309,BAR.1.0.42.107,Gustavia,Gustavia superba,Lecythidaceae
90,121,BAR0090,GUSTSU,281,BAR.1.0.42.121,Gustavia,Gustavia superba,Lecythidaceae
91,122,BAR0091,GUSTSU,267,BAR.1.0.42.122,Gustavia,Gustavia superba,Lecythidaceae
92,43,BAR0092,DOLIMA,402,BAR.1.0.44.43,Doliocarpus,Doliocarpus major,Dilleniaceae
93,44,BAR0093,DOLIMA,372,BAR.1.0.44.44,Doliocarpus,Doliocarpus major,Dilleniaceae
94,66,BAR0094,DOLIMA,372,BAR.1.0.44.66,Doliocarpus,Doliocarpus major,Dilleniaceae
95,164,BAR0095,EUGENE,386,BAR.1.0.44.164,Eugenia,Eugenia nesiotica,Myrtaceae
96,178,BAR0096,DOLIMA,304,BAR.1.0.44.178,Doliocarpus,Doliocarpus major,Dilleniaceae
97,181,BAR0097,DOLIMA,381,BAR.1.0.44.181,Doliocarpus,Doliocarpus major,Dilleniaceae
98,183,BAR0098,DOLIMA,312,BAR.1.0.44.183,Doliocarpus,Doliocarpus major,Dilleniaceae
99,194,BAR0099,CNESRU,438,BAR.1.0.44.194,Cnestidium,Cnestidium rufescens,Connaraceae
100,195,BAR0100,DOLIMA,251,BAR.1.0.44.195,Doliocarpus,Doliocarpus major,Dilleniaceae
101,80,BAR0101,CNESRU,145,BAR.1.1.11.80,Cnestidium,Cnestidium rufescens,Connaraceae
102,110,BAR0102,EUGENE,686,BAR.1.1.11.110,Eugenia,Eugenia nesiotica,Myrtaceae
103,76,BAR0103,PRI1AS,431,BAR.1.1.12.76,Prionostemma,Prionostemma asperum,Celastraceae
104,168,BAR0104,PRI1AS,281,BAR.1.1.13.168,Prionostemma,Prionostemma asperum,Celastraceae
105,169,BAR0105,RINOSY,442,BAR.1.1.14.169,Rinorea,Rinorea sylvatica,Violaceae
106,59,BAR0106,PROTPA,988,BAR.1.1.21.59,Protium,Protium panamense,Burseraceae
107,157,BAR0107,EUGEOE,261,BAR.1.1.21.157,Eugenia,Eugenia oerstediana,Myrtaceae
108,81,BAR0108,DOLIOL,762,BAR.1.1.22.81,Doliocarpus,Doliocarpus olivaceus,Dilleniaceae
109,162,BAR0109,FARAOC,422,BAR.1.1.22.162,Faramea,Faramea occidentalis,Rubiaceae
110,169,BAR0110,SWARS2,584,BAR.1.1.22.169,Swartzia,Swartzia simplex var. continentalis,Fabaceae
111,2,BAR0111,HYLEPR,321,BAR.1.1.24.2,Hylenaea,Hylenaea praecelsa,Celastraceae
112,33,BAR0112,HYLEPR,221,BAR.1.1.24.33,Hylenaea,Hylenaea praecelsa,Celastraceae
113,34,BAR0113,HYLEPR,254,BAR.1.1.24.34,Hylenaea,Hylenaea praecelsa,Celastraceae
114,108,BAR0114,HYLEPR,281,BAR.1.1.24.108,Hylenaea,Hylenaea praecelsa,Celastraceae
115,128,BAR0115,HYLEPR,236,BAR.1.1.24.128,Hylenaea,Hylenaea praecelsa,Celastraceae
116,137,BAR0116,HYLEPR,293,BAR.1.1.24.137,Hylenaea,Hylenaea praecelsa,Celastraceae
117,161,BAR0117,SWARS2,505,BAR.1.1.24.161,Swartzia,Swartzia simplex var. continentalis,Fabaceae
118,165,BAR0118,EUGENE,414,BAR.1.1.31.165,Eugenia,Eugenia nesiotica,Myrtaceae
119,87,BAR0119,PRI1AS,476,BAR.1.1.34.87,Prionostemma,Prionostemma asperum,Celastraceae
120,155,BAR0120,EUGENE,665,BAR.1.1.41.155,Eugenia,Eugenia nesiotica,Myrtaceae
121,89,BAR0121,FARAOC,371,BAR.1.1.44.89,Faramea,Faramea occidentalis,Rubiaceae
122,96,BAR0122,RINOSY,171,BAR.1.1.44.96,Rinorea,Rinorea sylvatica,Violaceae
123,104,BAR0123,GUSTSU,205,BAR.1.1.44.104,Gustavia,Gustavia superba,Lecythidaceae
124,110,BAR0124,GUSTSU,214,BAR.1.1.44.110,Gustavia,Gustavia superba,Lecythidaceae
125,153,BAR0125,CONNTU,132,BAR.1.1.44.153,Connarus,Connarus turczaninowii,Connaraceae
126,166,BAR0126,RINOSY,726,BAR.1.1.44.166,Rinorea,Rinorea sylvatica,Violaceae
127,174,BAR0127,CONNTU,332,BAR.1.1.44.174,Connarus,Connarus turczaninowii,Connaraceae
128,3,BAR0128,DOLIOL,525,BAR.1.2.11.3,Doliocarpus,Doliocarpus olivaceus,Dilleniaceae
129,11,BAR0129,EUGENE,457,BAR.1.2.12.11,Eugenia,Eugenia nesiotica,Myrtaceae
130,21,BAR0130,PAULTU,514,BAR.1.2.12.21,Paullinia,Paullinia turbacensis,Sapindaceae
131,103,BAR0131,MOURMY,298,BAR.1.2.14.103,Mouriri,Mouriri myrtilloides,Melastomataceae
132,5,BAR0132,EUGEOE,546,BAR.1.2.21.5,Eugenia,Eugenia oerstediana,Myrtaceae
133,121,BAR0133,PRI1AS,252,BAR.1.2.22.121,Prionostemma,Prionostemma asperum,Celastraceae
134,18,BAR0134,PAULTU,886,BAR.1.2.23.18,Paullinia,Paullinia turbacensis,Sapindaceae
135,1,BAR0135,POUTRE,206,BAR.1.2.32.1,Pouteria,Pouteria reticulata,Sapotaceae
136,93,BAR0136,DOLIOL,443,BAR.1.2.33.93,Doliocarpus,Doliocarpus olivaceus,Dilleniaceae
137,76,BAR0137,MOURMY,528,BAR.1.2.34.76,Mouriri,Mouriri myrtilloides,Melastomataceae
138,79,BAR0138,FARAOC,258,BAR.1.2.34.79,Faramea,Faramea occidentalis,Rubiaceae
139,91,BAR0139,PRI1AS,211,BAR.1.2.34.91,Prionostemma,Prionostemma asperum,Celastraceae
140,119,BAR0140,FARAOC,126,BAR.1.2.34.119,Faramea,Faramea occidentalis,Rubiaceae
141,114,BAR0141,EUGENE,176,BAR.1.2.42.114,Eugenia,Eugenia nesiotica,Myrtaceae
142,77,BAR0142,COCCP1,338,BAR.1.2.44.77,Coccoloba,Coccoloba excelsa,Polygonaceae
143,83,BAR0143,EUGEOE,574,BAR.1.2.44.83,Eugenia,Eugenia oerstediana,Myrtaceae
144,87,BAR0144,EUGENE,331,BAR.1.2.44.87,Eugenia,Eugenia nesiotica,Myrtaceae
145,88,BAR0145,POUTRE,933,BAR.1.2.44.88,Pouteria,Pouteria reticulata,Sapotaceae
146,96,BAR0146,EUGENE,454,BAR.1.2.44.96,Eugenia,Eugenia nesiotica,Myrtaceae
147,118,BAR0147,SWARS2,236,BAR.1.2.44.118,Swartzia,Swartzia simplex var. continentalis,Fabaceae
148,109,BAR0148,PSYCFU,142,BAR.2.0.11.109,Psychotria,Psychotria hoffmannseggiana,Rubiaceae
149,171,BAR0149,PSYCFU,140,BAR.2.0.11.171,Psychotria,Psychotria hoffmannseggiana,Rubiaceae
150,32,BAR0150,FARAOC,384,BAR.2.0.12.32,Faramea,Faramea occidentalis,Rubiaceae
151,158,BAR0151,PSYCIP,314,BAR.2.0.12.158,Psychotria,Psychotria ciprianiana,Rubiaceae
152,123,BAR0152,PAULTU,235,BAR.2.0.13.123,Paullinia,Paullinia turbacensis,Sapindaceae
153,156,BAR0153,GUSTSU,214,BAR.2.0.13.156,Gustavia,Gustavia superba,Lecythidaceae
154,172,BAR0154,SWARS1,306,BAR.2.0.13.172,Swartzia,Swartzia simplex var. grandiflora,Fabaceae
155,175,BAR0155,GUSTSU,153,BAR.2.0.13.175,Gustavia,Gustavia superba,Lecythidaceae
156,41,BAR0156,PAULTU,111,BAR.2.0.14.41,Paullinia,Paullinia turbacensis,Sapindaceae
157,25,BAR0157,DOLIMA,234,BAR.2.0.21.25,Doliocarpus,Doliocarpus major,Dilleniaceae
158,133,BAR0158,DOLIMA,346,BAR.2.0.21.133,Doliocarpus,Doliocarpus major,Dilleniaceae
159,137,BAR0159,COCCP1,437,BAR.2.0.21.137,Coccoloba,Coccoloba excelsa,Polygonaceae
160,139,BAR0160,COCCP1,216,BAR.2.0.21.139,Coccoloba,Coccoloba excelsa,Polygonaceae
161,142,BAR0161,DOLIMA,239,BAR.2.0.21.142,Doliocarpus,Doliocarpus major,Dilleniaceae
162,146,BAR0162,DOLIMA,309,BAR.2.0.21.146,Doliocarpus,Doliocarpus major,Dilleniaceae
163,150,BAR0163,DOLIMA,242,BAR.2.0.21.150,Doliocarpus,Doliocarpus major,Dilleniaceae
164,162,BAR0164,DOLIMA,271,BAR.2.0.21.162,Doliocarpus,Doliocarpus major,Dilleniaceae
165,192,BAR0165,DOLIMA,217,BAR.2.0.21.192,Doliocarpus,Doliocarpus major,Dilleniaceae
166,200,BAR0166,MOURMY,251,BAR.2.0.21.200,Mouriri,Mouriri myrtilloides,Melastomataceae
167,129,BAR0167,HYLEPR,312,BAR.2.0.23.129,Hylenaea,Hylenaea praecelsa,Celastraceae
168,130,BAR0168,HYLEPR,234,BAR.2.0.23.130,Hylenaea,Hylenaea praecelsa,Celastraceae
169,136,BAR0169,HYLEPR,238,BAR.2.0.23.136,Hylenaea,Hylenaea praecelsa,Celastraceae
170,138,BAR0170,HYLEPR,291,BAR.2.0.23.138,Hylenaea,Hylenaea praecelsa,Celastraceae
171,139,BAR0171,HYLEPR,254,BAR.2.0.23.139,Hylenaea,Hylenaea praecelsa,Celastraceae
172,140,BAR0172,HYLEPR,299,BAR.2.0.23.140,Hylenaea,Hylenaea praecelsa,Celastraceae
173,150,BAR0173,HYLEPR,290,BAR.2.0.23.150,Hylenaea,Hylenaea praecelsa,Celastraceae
174,165,BAR0174,PAULFI,228,BAR.2.0.23.165,Paullinia,Paullinia fibrigera,Sapindaceae
175,168,BAR0175,HIRARE,352,BAR.2.0.23.168,Hiraea,Hiraea reclinata,Malpighiaceae
176,192,BAR0176,PROTPA,848,BAR.2.0.23.192,Protium,Protium panamense,Burseraceae
177,31,BAR0177,COCCP1,338,BAR.2.0.24.31,Coccoloba,Coccoloba excelsa,Polygonaceae
178,35,BAR0178,PROTTE,218,BAR.2.0.24.35,Protium,Protium tenuifolium,Burseraceae
179,127,BAR0179,PROTTE,344,BAR.2.0.31.127,Protium,Protium tenuifolium,Burseraceae
180,129,BAR0180,MOURMY,408,BAR.2.0.31.129,Mouriri,Mouriri myrtilloides,Melastomataceae
181,130,BAR0181,POUTRE,214,BAR.2.0.31.130,Pouteria,Pouteria reticulata,Sapotaceae
182,131,BAR0182,COCCP1,974,BAR.2.0.31.131,Coccoloba,Coccoloba excelsa,Polygonaceae
183,135,BAR0183,CONNTU,382,BAR.2.0.31.135,Connarus,Connarus turczaninowii,Connaraceae
184,149,BAR0184,PSYCFU,427,BAR.2.0.31.149,Psychotria,Psychotria hoffmannseggiana,Rubiaceae
185,152,BAR0185,POUTRE,392,BAR.2.0.31.152,Pouteria,Pouteria reticulata,Sapotaceae
186,101,BAR0186,PROTTE,454,BAR.2.0.32.101,Protium,Protium tenuifolium,Burseraceae
187,104,BAR0187,PROTTE,422,BAR.2.0.32.104,Protium,Protium tenuifolium,Burseraceae
188,106,BAR0188,PROTTE,582,BAR.2.0.32.106,Protium,Protium tenuifolium,Burseraceae
189,122,BAR0189,FARAOC,341,BAR.2.0.32.122,Faramea,Faramea occidentalis,Rubiaceae
190,123,BAR0190,PROTTE,652,BAR.2.0.32.123,Protium,Protium tenuifolium,Burseraceae
191,124,BAR0191,PAULTU,296,BAR.2.0.32.124,Paullinia,Paullinia turbacensis,Sapindaceae
192,126,BAR0192,FARAOC,478,BAR.2.0.32.126,Faramea,Faramea occidentalis,Rubiaceae
193,142,BAR0193,RINOSY,751,BAR.2.0.32.142,Rinorea,Rinorea sylvatica,Violaceae
194,143,BAR0194,PROTTE,937,BAR.2.0.32.143,Protium,Protium tenuifolium,Burseraceae
195,62,BAR0195,HIRARE,69,BAR.2.0.33.62,Hiraea,Hiraea reclinata,Malpighiaceae
196,53,BAR0196,HIRARE,385,BAR.2.0.34.53,Hiraea,Hiraea reclinata,Malpighiaceae
197,74,BAR0197,HIRARE,206,BAR.2.0.34.74,Hiraea,Hiraea reclinata,Malpighiaceae
198,92,BAR0198,EUGENE,803,BAR.2.0.41.92,Eugenia,Eugenia nesiotica,Myrtaceae
199,51,BAR0199,CONNTU,364,BAR.2.0.42.51,Connarus,Connarus turczaninowii,Connaraceae
200,67,BAR0200,FARAOC,273,BAR.2.0.42.67,Faramea,Faramea occidentalis,Rubiaceae
201,70,BAR0201,CONNTU,277,BAR.2.0.42.70,Connarus,Connarus turczaninowii,Connaraceae
202,197,BAR0202,CAPPFR,462,BAR.2.0.42.197,Capparidastrum,Capparidastrum frondosum,Capparaceae
203,198,BAR0203,CAPPFR,285,BAR.2.0.42.198,Capparidastrum,Capparidastrum frondosum,Capparaceae
204,194,BAR0204,CNESRU,288,BAR.2.0.43.194,Cnestidium,Cnestidium rufescens,Connaraceae
205,52,BAR0205,PSYCIP,299,BAR.2.0.44.52,Psychotria,Psychotria ciprianiana,Rubiaceae
206,107,BAR0206,PSYCIP,301,BAR.2.0.44.107,Psychotria,Psychotria ciprianiana,Rubiaceae
207,118,BAR0207,PSYCIP,298,BAR.2.0.44.118,Psychotria,Psychotria ciprianiana,Rubiaceae
208,119,BAR0208,PSYCIP,345,BAR.2.0.44.119,Psychotria,Psychotria ciprianiana,Rubiaceae
209,125,BAR0209,PSYCIP,518,BAR.2.0.44.125,Psychotria,Psychotria ciprianiana,Rubiaceae
210,75,BAR0210,CAPPFR,142,BAR.2.1.13.75,Capparidastrum,Capparidastrum frondosum,Capparaceae
211,169,BAR0211,CAPPFR,182,BAR.2.1.13.169,Capparidastrum,Capparidastrum frondosum,Capparaceae
212,176,BAR0212,CAPPFR,232,BAR.2.1.13.176,Capparidastrum,Capparidastrum frondosum,Capparaceae
213,7,BAR0213,COCCP1,353,BAR.2.1.14.7,Coccoloba,Coccoloba excelsa,Polygonaceae
214,91,BAR0214,PRI1AS,279,BAR.2.1.14.91,Prionostemma,Prionostemma asperum,Celastraceae
215,46,BAR0215,PAULFI,383,BAR.2.1.22.46,Paullinia,Paullinia fibrigera,Sapindaceae
216,183,BAR0216,CONNTU,202,BAR.2.1.23.183,Connarus,Connarus turczaninowii,Connaraceae
217,75,BAR0217,PROTPA,579,BAR.2.1.31.75,Protium,Protium panamense,Burseraceae
218,74,BAR0218,MOURMY,912,BAR.2.1.32.74,Mouriri,Mouriri myrtilloides,Melastomataceae
219,161,BAR0219,FARAOC,254,BAR.2.1.34.161,Faramea,Faramea occidentalis,Rubiaceae
220,26,BAR0220,COCCP1,452,BAR.2.1.41.26,Coccoloba,Coccoloba excelsa,Polygonaceae
221,177,BAR0221,GUSTSU,204,BAR.2.1.43.177,Gustavia,Gustavia superba,Lecythidaceae
222,178,BAR0222,GUSTSU,231,BAR.2.1.43.178,Gustavia,Gustavia superba,Lecythidaceae
223,27,BAR0223,PRI1AS,254,BAR.2.2.11.27,Prionostemma,Prionostemma asperum,Celastraceae
224,157,BAR0224,PRI1AS,507,BAR.2.2.11.157,Prionostemma,Prionostemma asperum,Celastraceae
225,77,BAR0225,MOURMY,627,BAR.2.2.12.77,Mouriri,Mouriri myrtilloides,Melastomataceae
226,98,BAR0226,CONNTU,859,BAR.2.2.12.98,Connarus,Connarus turczaninowii,Connaraceae
227,30,BAR0227,PROTPA,294,BAR.2.2.14.30,Protium,Protium panamense,Burseraceae
228,147,BAR0228,MOURMY,251,BAR.2.2.14.147,Mouriri,Mouriri myrtilloides,Melastomataceae
229,41,BAR0229,EUGENE,325,BAR.2.2.24.41,Eugenia,Eugenia nesiotica,Myrtaceae
230,83,BAR0230,MOURMY,869,BAR.2.2.24.83,Mouriri,Mouriri myrtilloides,Melastomataceae
231,102,BAR0231,GUSTSU,264,BAR.2.2.31.102,Gustavia,Gustavia superba,Lecythidaceae
232,103,BAR0232,GUSTSU,224,BAR.2.2.31.103,Gustavia,Gustavia superba,Lecythidaceae
233,125,BAR0233,GUSTSU,200,BAR.2.2.31.125,Gustavia,Gustavia superba,Lecythidaceae
234,159,BAR0234,PRI1AS,358,BAR.2.2.31.159,Prionostemma,Prionostemma asperum,Celastraceae
235,166,BAR0235,EUGENE,24,BAR.2.2.33.166,Eugenia,Eugenia nesiotica,Myrtaceae
236,65,BAR0236,PRI1AS,249,BAR.2.2.34.65,Prionostemma,Prionostemma asperum,Celastraceae
237,121,BAR0237,GUSTSU,243,BAR.2.2.41.121,Gustavia,Gustavia superba,Lecythidaceae
238,186,BAR0238,GUSTSU,256,BAR.2.2.41.186,Gustavia,Gustavia superba,Lecythidaceae
239,153,BAR0239,MOURMY,231,BAR.2.2.42.153,Mouriri,Mouriri myrtilloides,Melastomataceae
240,183,BAR0240,COCCP1,522,BAR.2.2.42.183,Coccoloba,Coccoloba excelsa,Polygonaceae
241,189,BAR0241,MOURMY,241,BAR.2.2.42.189,Mouriri,Mouriri myrtilloides,Melastomataceae
242,170,BAR0242,CNESRU,344,BAR.2.2.43.170,Cnestidium,Cnestidium rufescens,Connaraceae
243,67,BAR0243,DOLIOL,912,BAR.2.2.44.67,Doliocarpus,Doliocarpus olivaceus,Dilleniaceae
244,182,BAR0244,MOURMY,886,BAR.3.0.12.182,Mouriri,Mouriri myrtilloides,Melastomataceae
245,189,BAR0245,PROTPA,273,BAR.3.0.12.189,Protium,Protium panamense,Burseraceae
246,196,BAR0246,CONNTU,327,BAR.3.0.12.196,Connarus,Connarus turczaninowii,Connaraceae
247,199,BAR0247,FARAOC,468,BAR.3.0.12.199,Faramea,Faramea occidentalis,Rubiaceae
248,148,BAR0248,FARAOC,204,BAR.3.0.13.148,Faramea,Faramea occidentalis,Rubiaceae
249,179,BAR0249,COCCP1,897,BAR.3.0.13.179,Coccoloba,Coccoloba excelsa,Polygonaceae
250,194,BAR0250,PROTPA,300,BAR.3.0.13.194,Protium,Protium panamense,Burseraceae
251,195,BAR0251,EUGENE,657,BAR.3.0.13.195,Eugenia,Eugenia nesiotica,Myrtaceae
252,136,BAR0252,POUTRE,503,BAR.3.0.21.136,Pouteria,Pouteria reticulata,Sapotaceae
253,68,BAR0253,CONNTU,230,BAR.3.0.22.68,Connarus,Connarus turczaninowii,Connaraceae
254,178,BAR0254,CNESRU,308,BAR.3.0.22.178,Cnestidium,Cnestidium rufescens,Connaraceae
255,192,BAR0255,DOLIOL,216,BAR.3.0.22.192,Doliocarpus,Doliocarpus olivaceus,Dilleniaceae
256,197,BAR0256,PAULTU,115,BAR.3.0.22.197,Paullinia,Paullinia turbacensis,Sapindaceae
257,186,BAR0257,FARAOC,310,BAR.3.0.23.186,Faramea,Faramea occidentalis,Rubiaceae
258,133,BAR0258,CONNTU,235,BAR.3.0.42.133,Connarus,Connarus turczaninowii,Connaraceae
259,150,BAR0259,CNESRU,102,BAR.3.0.42.150,Cnestidium,Cnestidium rufescens,Connaraceae
260,131,BAR0260,PRI1AS,207,BAR.3.1.11.131,Prionostemma,Prionostemma asperum,Celastraceae
261,147,BAR0261,DOLIOL,290,BAR.3.1.12.147,Doliocarpus,Doliocarpus olivaceus,Dilleniaceae
262,133,BAR0262,PAULTU,441,BAR.3.1.13.133,Paullinia,Paullinia turbacensis,Sapindaceae
263,134,BAR0263,CONNTU,316,BAR.3.1.13.134,Connarus,Connarus turczaninowii,Connaraceae
264,122,BAR0264,RINOSY,342,BAR.3.1.21.122,Rinorea,Rinorea sylvatica,Violaceae
265,109,BAR0265,PROTPA,445,BAR.3.1.24.109,Protium,Protium panamense,Burseraceae
266,116,BAR0266,MOURMY,618,BAR.3.1.24.116,Mouriri,Mouriri myrtilloides,Melastomataceae
267,120,BAR0267,PRI1AS,303,BAR.3.1.24.120,Prionostemma,Prionostemma asperum,Celastraceae
268,108,BAR0268,MAR2PA,312,BAR.3.1.32.108,Maripa,Maripa panamensis,Convolvulaceae
269,111,BAR0269,MOURMY,746,BAR.3.1.34.111,Mouriri,Mouriri myrtilloides,Melastomataceae
270,59,BAR0270,RINOSY,340,BAR.3.1.43.59,Rinorea,Rinorea sylvatica,Violaceae
271,61,BAR0271,RINOSY,308,BAR.3.1.43.61,Rinorea,Rinorea sylvatica,Violaceae
272,128,BAR0272,PRI1AS,224,BAR.3.1.43.128,Prionostemma,Prionostemma asperum,Celastraceae
273,58,BAR0273,EUGEOE,347,BAR.3.1.44.58,Eugenia,Eugenia oerstediana,Myrtaceae
274,112,BAR0274,EUGEOE,216,BAR.3.1.44.112,Eugenia,Eugenia oerstediana,Myrtaceae
275,161,BAR0275,CAPPFR,203,BAR.3.2.12.161,Capparidastrum,Capparidastrum frondosum,Capparaceae
276,177,BAR0276,CAPPFR,100,BAR.3.2.12.177,Capparidastrum,Capparidastrum frondosum,Capparaceae
277,188,BAR0277,PAULTU,105,BAR.3.2.12.188,Paullinia,Paullinia turbacensis,Sapindaceae
278,195,BAR0278,CAPPFR,298,BAR.3.2.12.195,Capparidastrum,Capparidastrum frondosum,Capparaceae
279,200,BAR0279,CAPPFR,332,BAR.3.2.12.200,Capparidastrum,Capparidastrum frondosum,Capparaceae
280,190,BAR0280,PROTTE,843,BAR.3.2.13.190,Protium,Protium tenuifolium,Burseraceae
281,180,BAR0281,CAPPFR,284,BAR.3.2.14.180,Capparidastrum,Capparidastrum frondosum,Capparaceae
282,191,BAR0282,CAPPFR,136,BAR.3.2.14.191,Capparidastrum,Capparidastrum frondosum,Capparaceae
283,194,BAR0283,CAPPFR,347,BAR.3.2.14.194,Capparidastrum,Capparidastrum frondosum,Capparaceae
284,129,BAR0284,CONNTU,252,BAR.3.2.21.129,Connarus,Connarus turczaninowii,Connaraceae
285,27,BAR0285,PRI1AS,212,BAR.3.2.23.27,Prionostemma,Prionostemma asperum,Celastraceae
286,144,BAR0286,PRI1AS,288,BAR.3.2.23.144,Prionostemma,Prionostemma asperum,Celastraceae
287,132,BAR0287,DOLIOL,399,BAR.3.2.24.132,Doliocarpus,Doliocarpus olivaceus,Dilleniaceae
288,134,BAR0288,SWARS1,202,BAR.3.2.24.134,Swartzia,Swartzia simplex var. grandiflora,Fabaceae
289,196,BAR0289,SWARS2,206,BAR.3.2.24.196,Swartzia,Swartzia simplex var. continentalis,Fabaceae
290,126,BAR0290,CAPPFR,327,BAR.3.2.31.126,Capparidastrum,Capparidastrum frondosum,Capparaceae
291,131,BAR0291,PAULTU,247,BAR.3.2.31.131,Paullinia,Paullinia turbacensis,Sapindaceae
292,135,BAR0292,CAPPFR,306,BAR.3.2.31.135,Capparidastrum,Capparidastrum frondosum,Capparaceae
293,146,BAR0293,CAPPFR,242,BAR.3.2.31.146,Capparidastrum,Capparidastrum frondosum,Capparaceae
294,133,BAR0294,CONNTU,333,BAR.3.2.32.133,Connarus,Connarus turczaninowii,Connaraceae
295,142,BAR0295,CONNTU,342,BAR.3.2.32.142,Connarus,Connarus turczaninowii,Connaraceae
296,145,BAR0296,SWARS1,460,BAR.3.2.32.145,Swartzia,Swartzia simplex var. grandiflora,Fabaceae
297,113,BAR0297,COCCP1,691,BAR.4.0.21.113,Coccoloba,Coccoloba excelsa,Polygonaceae
298,115,BAR0298,RINOSY,682,BAR.4.0.24.115,Rinorea,Rinorea sylvatica,Violaceae
299,122,BAR0299,EUGENE,340,BAR.4.0.24.122,Eugenia,Eugenia nesiotica,Myrtaceae
300,125,BAR0300,EUGENE,331,BAR.4.0.24.125,Eugenia,Eugenia nesiotica,Myrtaceae
301,75,BAR0301,FARAOC,880,BAR.4.0.33.75,Faramea,Faramea occidentalis,Rubiaceae
302,84,BAR0302,FARAOC,603,BAR.4.0.41.84,Faramea,Faramea occidentalis,Rubiaceae
303,31,BAR0303,RINOSY,260,BAR.4.1.11.31,Rinorea,Rinorea sylvatica,Violaceae
304,56,BAR0304,PSYCFU,336,BAR.4.1.12.56,Psychotria,Psychotria hoffmannseggiana,Rubiaceae
305,129,BAR0305,PRI1AS,361,BAR.4.1.22.129,Prionostemma,Prionostemma asperum,Celastraceae
306,137,BAR0306,FARAOC,390,BAR.4.1.23.137,Faramea,Faramea occidentalis,Rubiaceae
307,140,BAR0307,PSYCFU,580,BAR.4.1.23.140,Psychotria,Psychotria hoffmannseggiana,Rubiaceae
308,142,BAR0308,PSYCFU,801,BAR.4.1.23.142,Psychotria,Psychotria hoffmannseggiana,Rubiaceae
309,143,BAR0309,PAULFI,260,BAR.4.1.23.143,Paullinia,Paullinia fibrigera,Sapindaceae
310,146,BAR0310,PSYCFU,753,BAR.4.1.23.146,Psychotria,Psychotria hoffmannseggiana,Rubiaceae
311,148,BAR0311,HIRARE,281,BAR.4.1.23.148,Hiraea,Hiraea reclinata,Malpighiaceae
312,144,BAR0312,PSYCIP,252,BAR.4.1.31.144,Psychotria,Psychotria ciprianiana,Rubiaceae
313,39,BAR0313,COCCP1,261,BAR.4.1.34.39,Coccoloba,Coccoloba excelsa,Polygonaceae
314,68,BAR0314,PROTPA,621,BAR.4.1.34.68,Protium,Protium panamense,Burseraceae
315,91,BAR0315,CONNTU,351,BAR.4.1.42.91,Connarus,Connarus turczaninowii,Connaraceae
316,121,BAR0316,HIRARE,265,BAR.4.1.43.121,Hiraea,Hiraea reclinata,Malpighiaceae
317,130,BAR0317,RINOSY,374,BAR.4.1.43.130,Rinorea,Rinorea sylvatica,Violaceae
318,19,BAR0318,ACACHA,613,BAR.4.1.44.19,Senegalia,Senegalia hayesii,Fabaceae
319,35,BAR0319,FARAOC,551,BAR.4.1.44.35,Faramea,Faramea occidentalis,Rubiaceae
320,158,BAR0320,HIRARE,300,BAR.4.1.44.158,Hiraea,Hiraea reclinata,Malpighiaceae
321,10,BAR0321,PROTTE,743,BAR.4.2.11.10,Protium,Protium tenuifolium,Burseraceae
322,57,BAR0322,CONNTU,200,BAR.4.2.13.57,Connarus,Connarus turczaninowii,Connaraceae
323,7,BAR0323,DOLIOL,351,BAR.4.2.14.7,Doliocarpus,Doliocarpus olivaceus,Dilleniaceae
324,8,BAR0324,FARAOC,253,BAR.4.2.14.8,Faramea,Faramea occidentalis,Rubiaceae
325,54,BAR0325,PRI1AS,221,BAR.4.2.14.54,Prionostemma,Prionostemma asperum,Celastraceae
326,114,BAR0326,PROTTE,412,BAR.4.2.22.114,Protium,Protium tenuifolium,Burseraceae
327,176,BAR0327,CONNTU,331,BAR.4.2.22.176,Connarus,Connarus turczaninowii,Connaraceae
328,184,BAR0328,CONNTU,322,BAR.4.2.22.184,Connarus,Connarus turczaninowii,Connaraceae
329,6,BAR0329,CNESRU,312,BAR.4.2.23.6,Cnestidium,Cnestidium rufescens,Connaraceae
330,15,BAR0330,PAULFI,343,BAR.4.2.23.15,Paullinia,Paullinia fibrigera,Sapindaceae
331,32,BAR0331,FARAOC,270,BAR.4.2.23.32,Faramea,Faramea occidentalis,Rubiaceae
332,65,BAR0332,DOLIOL,240,BAR.4.2.23.65,Doliocarpus,Doliocarpus olivaceus,Dilleniaceae
333,67,BAR0333,FARAOC,241,BAR.4.2.23.67,Faramea,Faramea occidentalis,Rubiaceae
334,3,BAR0334,MAR2PA,405,BAR.4.2.24.3,Maripa,Maripa panamensis,Convolvulaceae
335,64,BAR0335,EUGENE,320,BAR.4.2.24.64,Eugenia,Eugenia nesiotica,Myrtaceae
336,106,BAR0336,CONNTU,261,BAR.4.2.24.106,Connarus,Connarus turczaninowii,Connaraceae
337,120,BAR0337,EUGENE,340,BAR.4.2.24.120,Eugenia,Eugenia nesiotica,Myrtaceae
338,192,BAR0338,MAR2PA,317,BAR.4.2.31.192,Maripa,Maripa panamensis,Convolvulaceae
339,179,BAR0339,FARAOC,100,BAR.4.2.32.179,Faramea,Faramea occidentalis,Rubiaceae
340,183,BAR0340,FARAOC,261,BAR.4.2.32.183,Faramea,Faramea occidentalis,Rubiaceae
341,185,BAR0341,EUGEOE,242,BAR.4.2.32.185,Eugenia,Eugenia oerstediana,Myrtaceae
342,188,BAR0342,FARAOC,241,BAR.4.2.32.188,Faramea,Faramea occidentalis,Rubiaceae
343,189,BAR0343,CONNTU,315,BAR.4.2.32.189,Connarus,Connarus turczaninowii,Connaraceae
344,193,BAR0344,DOLIOL,281,BAR.4.2.32.193,Doliocarpus,Doliocarpus olivaceus,Dilleniaceae
345,194,BAR0345,EUGEOE,281,BAR.4.2.32.194,Eugenia,Eugenia oerstediana,Myrtaceae
346,199,BAR0346,FARAOC,121,BAR.4.2.32.199,Faramea,Faramea occidentalis,Rubiaceae
347,146,BAR0347,COCCP1,303,BAR.4.2.33.146,Coccoloba,Coccoloba excelsa,Polygonaceae
348,108,BAR0348,DOLIMA,451,BAR.4.2.34.108,Doliocarpus,Doliocarpus major,Dilleniaceae
349,118,BAR0349,ACACHA,431,BAR.4.2.34.118,Senegalia,Senegalia hayesii,Fabaceae
350,126,BAR0350,ACACHA,479,BAR.4.2.34.126,Senegalia,Senegalia hayesii,Fabaceae
351,127,BAR0351,DOLIMA,382,BAR.4.2.34.127,Doliocarpus,Doliocarpus major,Dilleniaceae
352,130,BAR0352,SWARS1,513,BAR.4.2.34.130,Swartzia,Swartzia simplex var. grandiflora,Fabaceae
353,133,BAR0353,DOLIMA,420,BAR.4.2.34.133,Doliocarpus,Doliocarpus major,Dilleniaceae
354,134,BAR0354,DOLIMA,607,BAR.4.2.34.134,Doliocarpus,Doliocarpus major,Dilleniaceae
355,135,BAR0355,ACACHA,331,BAR.4.2.34.135,Senegalia,Senegalia hayesii,Fabaceae
356,140,BAR0356,DOLIMA,442,BAR.4.2.34.140,Doliocarpus,Doliocarpus major,Dilleniaceae
357,142,BAR0357,DOLIMA,362,BAR.4.2.34.142,Doliocarpus,Doliocarpus major,Dilleniaceae
358,143,BAR0358,DOLIMA,422,BAR.4.2.34.143,Doliocarpus,Doliocarpus major,Dilleniaceae
359,144,BAR0359,DOLIMA,422,BAR.4.2.34.144,Doliocarpus,Doliocarpus major,Dilleniaceae
360,147,BAR0360,DOLIMA,531,BAR.4.2.34.147,Doliocarpus,Doliocarpus major,Dilleniaceae
361,182,BAR0361,DOLIMA,601,BAR.4.2.34.182,Doliocarpus,Doliocarpus major,Dilleniaceae
362,190,BAR0362,PSYCFU,390,BAR.4.2.34.190,Psychotria,Psychotria hoffmannseggiana,Rubiaceae
363,69,BAR0363,DOLIOL,205,BAR.4.2.41.69,Doliocarpus,Doliocarpus olivaceus,Dilleniaceae
364,106,BAR0364,EUGEOE,452,BAR.4.2.41.106,Eugenia,Eugenia oerstediana,Myrtaceae
365,110,BAR0365,PROTPA,301,BAR.4.2.41.110,Protium,Protium panamense,Burseraceae
366,111,BAR0366,CONNTU,821,BAR.4.2.41.111,Connarus,Connarus turczaninowii,Connaraceae
367,119,BAR0367,EUGEOE,462,BAR.4.2.41.119,Eugenia,Eugenia oerstediana,Myrtaceae
368,137,BAR0368,PAULFI,251,BAR.4.2.41.137,Paullinia,Paullinia fibrigera,Sapindaceae
369,149,BAR0369,EUGEOE,341,BAR.4.2.41.149,Eugenia,Eugenia oerstediana,Myrtaceae
370,197,BAR0370,HIRARE,262,BAR.4.2.41.197,Hiraea,Hiraea reclinata,Malpighiaceae
371,28,BAR0371,ACACHA,71,BAR.4.2.42.28,Senegalia,Senegalia hayesii,Fabaceae
372,112,BAR0372,ACACHA,503,BAR.4.2.42.112,Senegalia,Senegalia hayesii,Fabaceae
373,176,BAR0373,ACACHA,315,BAR.4.2.42.176,Senegalia,Senegalia hayesii,Fabaceae
374,32,BAR0374,CONNTU,291,BAR.5.0.11.32,Connarus,Connarus turczaninowii,Connaraceae
375,36,BAR0375,CONNTU,251,BAR.5.0.11.36,Connarus,Connarus turczaninowii,Connaraceae
376,101,BAR0376,PHRYCO,503,BAR.5.0.11.101,Bignonia,Bignonia corymbosa,Bignoniaceae
377,104,BAR0377,EUGENE,542,BAR.5.0.11.104,Eugenia,Eugenia nesiotica,Myrtaceae
378,121,BAR0378,PHRYCO,310,BAR.5.0.11.121,Bignonia,Bignonia corymbosa,Bignoniaceae
379,124,BAR0379,EUGENE,471,BAR.5.0.11.124,Eugenia,Eugenia nesiotica,Myrtaceae
380,169,BAR0380,MAR2PA,501,BAR.5.0.11.169,Maripa,Maripa panamensis,Convolvulaceae
381,72,BAR0381,CAPPFR,242,BAR.5.0.22.72,Capparidastrum,Capparidastrum frondosum,Capparaceae
382,80,BAR0382,CAPPFR,202,BAR.5.0.22.80,Capparidastrum,Capparidastrum frondosum,Capparaceae
383,120,BAR0383,FARAOC,93,BAR.5.0.22.120,Faramea,Faramea occidentalis,Rubiaceae
384,145,BAR0384,CAPPFR,31,BAR.5.0.22.145,Capparidastrum,Capparidastrum frondosum,Capparaceae
385,159,BAR0385,MAR2PA,210,BAR.5.0.22.159,Maripa,Maripa panamensis,Convolvulaceae
386,180,BAR0386,FARAOC,200,BAR.5.0.22.180,Faramea,Faramea occidentalis,Rubiaceae
387,198,BAR0387,CAPPFR,361,BAR.5.0.22.198,Capparidastrum,Capparidastrum frondosum,Capparaceae
388,106,BAR0388,PHRYCO,421,BAR.5.0.24.106,Bignonia,Bignonia corymbosa,Bignoniaceae
389,114,BAR0389,PHRYCO,431,BAR.5.0.24.114,Bignonia,Bignonia corymbosa,Bignoniaceae
390,117,BAR0390,SWARS2,411,BAR.5.0.24.117,Swartzia,Swartzia simplex var. continentalis,Fabaceae
391,123,BAR0391,CONNTU,321,BAR.5.0.24.123,Connarus,Connarus turczaninowii,Connaraceae
392,197,BAR0392,COCCP1,200,BAR.5.0.32.197,Coccoloba,Coccoloba excelsa,Polygonaceae
393,198,BAR0393,PHRYCO,272,BAR.5.0.33.198,Bignonia,Bignonia corymbosa,Bignoniaceae
394,7,BAR0394,DOLIMA,273,BAR.5.1.11.7,Doliocarpus,Doliocarpus major,Dilleniaceae
395,14,BAR0395,DOLIMA,241,BAR.5.1.11.14,Doliocarpus,Doliocarpus major,Dilleniaceae
396,22,BAR0396,DOLIMA,211,BAR.5.1.11.22,Doliocarpus,Doliocarpus major,Dilleniaceae
397,48,BAR0397,DOLIMA,213,BAR.5.1.11.48,Doliocarpus,Doliocarpus major,Dilleniaceae
398,78,BAR0398,DOLIMA,231,BAR.5.1.11.78,Doliocarpus,Doliocarpus major,Dilleniaceae
399,88,BAR0399,EUGEOE,200,BAR.5.1.11.88,Eugenia,Eugenia oerstediana,Myrtaceae
400,100,BAR0400,EUGEOE,228,BAR.5.1.11.100,Eugenia,Eugenia oerstediana,Myrtaceae
401,108,BAR0401,POUTRE,255,BAR.5.1.11.108,Pouteria,Pouteria reticulata,Sapotaceae
402,113,BAR0402,EUGEOE,427,BAR.5.1.11.113,Eugenia,Eugenia oerstediana,Myrtaceae
403,118,BAR0403,MOURMY,263,BAR.5.1.11.118,Mouriri,Mouriri myrtilloides,Melastomataceae
404,119,BAR0404,EUGEOE,380,BAR.5.1.11.119,Eugenia,Eugenia oerstediana,Myrtaceae
405,124,BAR0405,DOLIMA,316,BAR.5.1.11.124,Doliocarpus,Doliocarpus major,Dilleniaceae
406,125,BAR0406,DOLIMA,422,BAR.5.1.11.125,Doliocarpus,Doliocarpus major,Dilleniaceae
407,131,BAR0407,EUGEOE,197,BAR.5.1.11.131,Eugenia,Eugenia oerstediana,Myrtaceae
408,167,BAR0408,DOLIMA,325,BAR.5.1.11.167,Doliocarpus,Doliocarpus major,Dilleniaceae
409,78,BAR0409,HIRARE,245,BAR.5.1.12.78,Hiraea,Hiraea reclinata,Malpighiaceae
410,103,BAR0410,MOURMY,922,BAR.5.1.12.103,Mouriri,Mouriri myrtilloides,Melastomataceae
411,154,BAR0411,HIRARE,220,BAR.5.1.12.154,Hiraea,Hiraea reclinata,Malpighiaceae
412,162,BAR0412,POUTRE,370,BAR.5.1.12.162,Pouteria,Pouteria reticulata,Sapotaceae
413,164,BAR0413,HIRARE,217,BAR.5.1.12.164,Hiraea,Hiraea reclinata,Malpighiaceae
414,7,BAR0414,EUGEOE,323,BAR.5.1.13.7,Eugenia,Eugenia oerstediana,Myrtaceae
415,93,BAR0415,EUGEOE,492,BAR.5.1.13.93,Eugenia,Eugenia oerstediana,Myrtaceae
416,119,BAR0416,PSYCFU,430,BAR.5.1.13.119,Psychotria,Psychotria hoffmannseggiana,Rubiaceae
417,155,BAR0417,HIRARE,290,BAR.5.1.13.155,Hiraea,Hiraea reclinata,Malpighiaceae
418,64,BAR0418,CNESRU,244,BAR.5.1.14.64,Cnestidium,Cnestidium rufescens,Connaraceae
419,133,BAR0419,PSYCFU,816,BAR.5.1.14.133,Psychotria,Psychotria hoffmannseggiana,Rubiaceae
420,139,BAR0420,HIRARE,616,BAR.5.1.14.139,Hiraea,Hiraea reclinata,Malpighiaceae
421,140,BAR0421,PSYCFU,636,BAR.5.1.14.140,Psychotria,Psychotria hoffmannseggiana,Rubiaceae
422,157,BAR0422,HIRARE,312,BAR.5.1.14.157,Hiraea,Hiraea reclinata,Malpighiaceae
423,149,BAR0423,SWARS2,381,BAR.5.1.21.149,Swartzia,Swartzia simplex var. continentalis,Fabaceae
424,130,BAR0424,CNESRU,281,BAR.5.1.23.130,Cnestidium,Cnestidium rufescens,Connaraceae
425,137,BAR0425,PAULTU,452,BAR.5.1.23.137,Paullinia,Paullinia turbacensis,Sapindaceae
426,19,BAR0426,DOLIOL,242,BAR.5.1.24.19,Doliocarpus,Doliocarpus olivaceus,Dilleniaceae
427,135,BAR0427,COCCP1,465,BAR.5.1.24.135,Coccoloba,Coccoloba excelsa,Polygonaceae
428,178,BAR0428,RINOSY,671,BAR.5.1.42.178,Rinorea,Rinorea sylvatica,Violaceae
429,183,BAR0429,PAULFI,431,BAR.5.1.42.183,Paullinia,Paullinia fibrigera,Sapindaceae
430,76,BAR0430,SWARS1,322,BAR.5.2.11.76,Swartzia,Swartzia simplex var. grandiflora,Fabaceae
431,132,BAR0431,DOLIOL,237,BAR.5.2.12.132,Doliocarpus,Doliocarpus olivaceus,Dilleniaceae
432,152,BAR0432,PAULFI,226,BAR.5.2.12.152,Paullinia,Paullinia fibrigera,Sapindaceae
433,177,BAR0433,CNESRU,272,BAR.5.2.12.177,Cnestidium,Cnestidium rufescens,Connaraceae
434,181,BAR0434,PAULFI,846,BAR.5.2.13.181,Paullinia,Paullinia fibrigera,Sapindaceae
435,153,BAR0435,EUGEOE,337,BAR.5.2.14.153,Eugenia,Eugenia oerstediana,Myrtaceae
436,176,BAR0436,EUGEOE,412,BAR.5.2.14.176,Eugenia,Eugenia oerstediana,Myrtaceae
437,184,BAR0437,PROTPA,61,BAR.5.2.14.184,Protium,Protium panamense,Burseraceae
438,199,BAR0438,EUGEOE,227,BAR.5.2.14.199,Eugenia,Eugenia oerstediana,Myrtaceae
439,102,BAR0439,PHRYCO,509,BAR.5.2.21.102,Bignonia,Bignonia corymbosa,Bignoniaceae
440,106,BAR0440,DOLIOL,404,BAR.5.2.21.106,Doliocarpus,Doliocarpus olivaceus,Dilleniaceae
441,124,BAR0441,PAULTU,198,BAR.5.2.21.124,Paullinia,Paullinia turbacensis,Sapindaceae
442,39,BAR0442,TET2PA,201,BAR.5.2.23.39,Tetragastris,Tetragastris panamensis,Burseraceae
443,113,BAR0443,EUGEOE,213,BAR.5.2.23.113,Eugenia,Eugenia oerstediana,Myrtaceae
444,134,BAR0444,EUGEOE,272,BAR.5.2.23.134,Eugenia,Eugenia oerstediana,Myrtaceae
445,136,BAR0445,TET2PA,289,BAR.5.2.23.136,Tetragastris,Tetragastris panamensis,Burseraceae
446,158,BAR0446,EUGEOE,319,BAR.5.2.23.158,Eugenia,Eugenia oerstediana,Myrtaceae
447,159,BAR0447,EUGENE,322,BAR.5.2.23.159,Eugenia,Eugenia nesiotica,Myrtaceae
448,161,BAR0448,EUGEOE,376,BAR.5.2.23.161,Eugenia,Eugenia oerstediana,Myrtaceae
449,164,BAR0449,EUGEOE,265,BAR.5.2.23.164,Eugenia,Eugenia oerstediana,Myrtaceae
450,168,BAR0450,RINOSY,303,BAR.5.2.23.168,Rinorea,Rinorea sylvatica,Violaceae
451,169,BAR0451,TET2PA,257,BAR.5.2.23.169,Tetragastris,Tetragastris panamensis,Burseraceae
452,170,BAR0452,PROTPA,252,BAR.5.2.23.170,Protium,Protium panamense,Burseraceae
453,171,BAR0453,EUGENE,289,BAR.5.2.23.171,Eugenia,Eugenia nesiotica,Myrtaceae
454,110,BAR0454,PHRYCO,271,BAR.5.2.32.110,Bignonia,Bignonia corymbosa,Bignoniaceae
455,119,BAR0455,PROTPA,762,BAR.5.2.32.119,Protium,Protium panamense,Burseraceae
456,57,BAR0456,EUGEOE,264,BAR.5.2.33.57,Eugenia,Eugenia oerstediana,Myrtaceae
457,97,BAR0457,RINOSY,273,BAR.5.2.33.97,Rinorea,Rinorea sylvatica,Violaceae
458,104,BAR0458,EUGEOE,328,BAR.5.2.33.104,Eugenia,Eugenia oerstediana,Myrtaceae
459,118,BAR0459,EUGEOE,242,BAR.5.2.33.118,Eugenia,Eugenia oerstediana,Myrtaceae
460,122,BAR0460,ACACHA,209,BAR.5.2.33.122,Senegalia,Senegalia hayesii,Fabaceae
461,64,BAR0461,EUGEOE,276,BAR.5.2.34.64,Eugenia,Eugenia oerstediana,Myrtaceae
462,90,BAR0462,EUGEOE,278,BAR.5.2.34.90,Eugenia,Eugenia oerstediana,Myrtaceae
463,103,BAR0463,CONNTU,321,BAR.5.2.34.103,Connarus,Connarus turczaninowii,Connaraceae
464,63,BAR0464,PRI1AS,77,BAR.5.2.43.63,Prionostemma,Prionostemma asperum,Celastraceae
465,117,BAR0465,PROTPA,36,BAR.5.2.43.117,Protium,Protium panamense,Burseraceae
466,129,BAR0466,PRI1AS,527,BAR.5.2.43.129,Prionostemma,Prionostemma asperum,Celastraceae
467,149,BAR0467,PROTTE,592,BAR.5.2.43.149,Protium,Protium tenuifolium,Burseraceae
468,28,BAR0468,CNESRU,216,BAR.5.2.44.28,Cnestidium,Cnestidium rufescens,Connaraceae
469,116,BAR0469,PHRYCO,204,BAR.5.2.44.116,Bignonia,Bignonia corymbosa,Bignoniaceae
470,60,BAR0470,CNESRU,414,BAR.6.0.11.60,Cnestidium,Cnestidium rufescens,Connaraceae
471,71,BAR0471,POUTRE,521,BAR.6.0.11.71,Pouteria,Pouteria reticulata,Sapotaceae
472,65,BAR0472,RINOSY,651,BAR.6.0.12.65,Rinorea,Rinorea sylvatica,Violaceae
473,67,BAR0473,RINOSY,556,BAR.6.0.21.67,Rinorea,Rinorea sylvatica,Violaceae
474,1,BAR0474,HYLEPR,311,BAR.6.0.33.1,Hylenaea,Hylenaea praecelsa,Celastraceae
475,3,BAR0475,HYLEPR,202,BAR.6.0.33.3,Hylenaea,Hylenaea praecelsa,Celastraceae
476,4,BAR0476,HYLEPR,206,BAR.6.0.33.4,Hylenaea,Hylenaea praecelsa,Celastraceae
477,7,BAR0477,HYLEPR,225,BAR.6.0.33.7,Hylenaea,Hylenaea praecelsa,Celastraceae
478,14,BAR0478,HYLEPR,251,BAR.6.0.33.14,Hylenaea,Hylenaea praecelsa,Celastraceae
479,20,BAR0479,HYLEPR,208,BAR.6.0.33.20,Hylenaea,Hylenaea praecelsa,Celastraceae
480,21,BAR0480,HYLEPR,251,BAR.6.0.33.21,Hylenaea,Hylenaea praecelsa,Celastraceae
481,28,BAR0481,HYLEPR,262,BAR.6.0.33.28,Hylenaea,Hylenaea praecelsa,Celastraceae
482,41,BAR0482,HYLEPR,221,BAR.6.0.33.41,Hylenaea,Hylenaea praecelsa,Celastraceae
483,42,BAR0483,HYLEPR,271,BAR.6.0.33.42,Hylenaea,Hylenaea praecelsa,Celastraceae
484,49,BAR0484,HYLEPR,241,BAR.6.0.33.49,Hylenaea,Hylenaea praecelsa,Celastraceae
485,56,BAR0485,SWARS2,664,BAR.6.0.33.56,Swartzia,Swartzia simplex var. continentalis,Fabaceae
486,57,BAR0486,HYLEPR,205,BAR.6.0.33.57,Hylenaea,Hylenaea praecelsa,Celastraceae
487,60,BAR0487,HYLEPR,241,BAR.6.0.33.60,Hylenaea,Hylenaea praecelsa,Celastraceae
488,64,BAR0488,MAR2PA,316,BAR.6.0.33.64,Maripa,Maripa panamensis,Convolvulaceae
489,65,BAR0489,HYLEPR,251,BAR.6.0.33.65,Hylenaea,Hylenaea praecelsa,Celastraceae
490,66,BAR0490,HYLEPR,211,BAR.6.0.33.66,Hylenaea,Hylenaea praecelsa,Celastraceae
491,33,BAR0491,HYLEPR,219,BAR.6.0.34.33,Hylenaea,Hylenaea praecelsa,Celastraceae
492,40,BAR0492,HYLEPR,276,BAR.6.0.34.40,Hylenaea,Hylenaea praecelsa,Celastraceae
493,46,BAR0493,HYLEPR,202,BAR.6.0.34.46,Hylenaea,Hylenaea praecelsa,Celastraceae
494,51,BAR0494,HYLEPR,215,BAR.6.0.34.51,Hylenaea,Hylenaea praecelsa,Celastraceae
495,74,BAR0495,HYLEPR,252,BAR.6.0.34.74,Hylenaea,Hylenaea praecelsa,Celastraceae
496,75,BAR0496,HYLEPR,221,BAR.6.0.34.75,Hylenaea,Hylenaea praecelsa,Celastraceae
497,101,BAR0497,HYLEPR,166,BAR.6.0.34.101,Hylenaea,Hylenaea praecelsa,Celastraceae
498,113,BAR0498,SWARS1,942,BAR.6.1.13.113,Swartzia,Swartzia simplex var. grandiflora,Fabaceae
499,123,BAR0499,SWARS2,227,BAR.6.1.13.123,Swartzia,Swartzia simplex var. continentalis,Fabaceae
500,105,BAR0500,CONNTU,241,BAR.6.1.14.105,Connarus,Connarus turczaninowii,Connaraceae
501,120,BAR0501,CONNTU,346,BAR.6.1.43.120,Connarus,Connarus turczaninowii,Connaraceae
502,155,BAR0502,DOLIOL,375,BAR.6.1.43.155,Doliocarpus,Doliocarpus olivaceus,Dilleniaceae
503,162,BAR0503,PSYCIP,351,BAR.6.1.44.162,Psychotria,Psychotria ciprianiana,Rubiaceae
504,103,BAR0504,SWARS1,308,BAR.6.2.11.103,Swartzia,Swartzia simplex var. grandiflora,Fabaceae
505,168,BAR0505,SWARS1,303,BAR.6.2.11.168,Swartzia,Swartzia simplex var. grandiflora,Fabaceae
506,171,BAR0506,SWARS1,227,BAR.6.2.11.171,Swartzia,Swartzia simplex var. grandiflora,Fabaceae
507,174,BAR0507,SWARS1,382,BAR.6.2.11.174,Swartzia,Swartzia simplex var. grandiflora,Fabaceae
508,156,BAR0508,DOLIOL,653,BAR.6.2.22.156,Doliocarpus,Doliocarpus olivaceus,Dilleniaceae
509,154,BAR0509,MOURMY,331,BAR.6.2.33.154,Mouriri,Mouriri myrtilloides,Melastomataceae
510,157,BAR0510,DOLIOL,481,BAR.6.2.41.157,Doliocarpus,Doliocarpus olivaceus,Dilleniaceae
511,165,BAR0511,MAR2PA,271,BAR.6.2.41.165,Maripa,Maripa panamensis,Convolvulaceae
512,15,BAR0512,PHRYCO,445,BAR.6.2.42.15,Bignonia,Bignonia corymbosa,Bignoniaceae
513,17,BAR0513,GUSTSU,325,BAR.6.2.42.17,Gustavia,Gustavia superba,Lecythidaceae
514,22,BAR0514,PHRYCO,869,BAR.6.2.42.22,Bignonia,Bignonia corymbosa,Bignoniaceae
515,25,BAR0515,GUSTSU,216,BAR.6.2.42.25,Gustavia,Gustavia superba,Lecythidaceae
516,34,BAR0516,GUSTSU,232,BAR.6.2.42.34,Gustavia,Gustavia superba,Lecythidaceae
517,50,BAR0517,GUSTSU,272,BAR.6.2.42.50,Gustavia,Gustavia superba,Lecythidaceae
518,66,BAR0518,GUSTSU,227,BAR.6.2.42.66,Gustavia,Gustavia superba,Lecythidaceae
519,175,BAR0519,PHRYCO,273,BAR.6.2.42.175,Bignonia,Bignonia corymbosa,Bignoniaceae
520,132,BAR0520,ACACHA,463,BAR.7.0.21.132,Senegalia,Senegalia hayesii,Fabaceae
521,138,BAR0521,HIRARE,198,BAR.7.0.21.138,Hiraea,Hiraea reclinata,Malpighiaceae
522,103,BAR0522,HIRARE,270,BAR.7.0.22.103,Hiraea,Hiraea reclinata,Malpighiaceae
523,107,BAR0523,HIRARE,268,BAR.7.0.22.107,Hiraea,Hiraea reclinata,Malpighiaceae
524,117,BAR0524,PRI1AS,341,BAR.7.0.22.117,Prionostemma,Prionostemma asperum,Celastraceae
525,122,BAR0525,PAULFI,264,BAR.7.0.22.122,Paullinia,Paullinia fibrigera,Sapindaceae
526,151,BAR0526,HIRARE,252,BAR.7.0.22.151,Hiraea,Hiraea reclinata,Malpighiaceae
527,152,BAR0527,HIRARE,198,BAR.7.0.22.152,Hiraea,Hiraea reclinata,Malpighiaceae
528,154,BAR0528,HIRARE,33,BAR.7.0.22.154,Hiraea,Hiraea reclinata,Malpighiaceae
529,159,BAR0529,PRI1AS,351,BAR.7.0.22.159,Prionostemma,Prionostemma asperum,Celastraceae
530,160,BAR0530,PRI1AS,339,BAR.7.0.22.160,Prionostemma,Prionostemma asperum,Celastraceae
531,161,BAR0531,MOURMY,471,BAR.7.0.22.161,Mouriri,Mouriri myrtilloides,Melastomataceae
532,162,BAR0532,PRI1AS,279,BAR.7.0.22.162,Prionostemma,Prionostemma asperum,Celastraceae
533,165,BAR0533,HIRARE,192,BAR.7.0.22.165,Hiraea,Hiraea reclinata,Malpighiaceae
534,130,BAR0534,PROTTE,458,BAR.7.0.32.130,Protium,Protium tenuifolium,Burseraceae
535,131,BAR0535,HIRARE,124,BAR.7.0.32.131,Hiraea,Hiraea reclinata,Malpighiaceae
536,136,BAR0536,HIRARE,278,BAR.7.0.32.136,Hiraea,Hiraea reclinata,Malpighiaceae
537,137,BAR0537,HIRARE,266,BAR.7.0.32.137,Hiraea,Hiraea reclinata,Malpighiaceae
538,148,BAR0538,HIRARE,532,BAR.7.0.32.148,Hiraea,Hiraea reclinata,Malpighiaceae
539,194,BAR0539,CONNTU,393,BAR.7.1.14.194,Connarus,Connarus turczaninowii,Connaraceae
540,184,BAR0540,RINOSY,457,BAR.7.1.21.184,Rinorea,Rinorea sylvatica,Violaceae
541,191,BAR0541,PROTPA,336,BAR.7.1.22.191,Protium,Protium panamense,Burseraceae
542,185,BAR0542,DOLIOL,574,BAR.7.1.23.185,Doliocarpus,Doliocarpus olivaceus,Dilleniaceae
543,198,BAR0543,SWARS1,223,BAR.7.1.23.198,Swartzia,Swartzia simplex var. grandiflora,Fabaceae
544,186,BAR0544,HIRARE,239,BAR.7.1.32.186,Hiraea,Hiraea reclinata,Malpighiaceae
545,189,BAR0545,PROTPA,916,BAR.7.1.32.189,Protium,Protium panamense,Burseraceae
546,40,BAR0546,GUSTSU,242,BAR.7.1.41.40,Gustavia,Gustavia superba,Lecythidaceae
547,43,BAR0547,GUSTSU,299,BAR.7.1.41.43,Gustavia,Gustavia superba,Lecythidaceae
548,122,BAR0548,GUSTSU,268,BAR.7.1.41.122,Gustavia,Gustavia superba,Lecythidaceae
549,200,BAR0549,PROTPA,434,BAR.7.1.44.200,Protium,Protium panamense,Burseraceae
550,133,BAR0550,EUGENE,236,BAR.7.2.14.133,Eugenia,Eugenia nesiotica,Myrtaceae
551,193,BAR0551,EUGENE,253,BAR.7.2.14.193,Eugenia,Eugenia nesiotica,Myrtaceae
552,127,BAR0552,PRI1AS,391,BAR.7.2.22.127,Prionostemma,Prionostemma asperum,Celastraceae
553,131,BAR0553,PRI1AS,392,BAR.7.2.22.131,Prionostemma,Prionostemma asperum,Celastraceae
554,135,BAR0554,TET2PA,512,BAR.7.2.22.135,Tetragastris,Tetragastris panamensis,Burseraceae
555,136,BAR0555,PRI1AS,402,BAR.7.2.22.136,Prionostemma,Prionostemma asperum,Celastraceae
556,147,BAR0556,TET2PA,34,BAR.7.2.22.147,Tetragastris,Tetragastris panamensis,Burseraceae
557,150,BAR0557,TET2PA,871,BAR.7.2.22.150,Tetragastris,Tetragastris panamensis,Burseraceae
558,128,BAR0558,MAR2PA,281,BAR.7.2.23.128,Maripa,Maripa panamensis,Convolvulaceae
559,137,BAR0559,PAULFI,386,BAR.7.2.23.137,Paullinia,Paullinia fibrigera,Sapindaceae
560,185,BAR0560,COCCP1,809,BAR.7.2.23.185,Coccoloba,Coccoloba excelsa,Polygonaceae
561,108,BAR0561,PRI1AS,125,BAR.7.2.31.108,Prionostemma,Prionostemma asperum,Celastraceae
562,114,BAR0562,PRI1AS,381,BAR.7.2.31.114,Prionostemma,Prionostemma asperum,Celastraceae
563,112,BAR0563,PROTPA,419,BAR.7.2.34.112,Protium,Protium panamense,Burseraceae
564,113,BAR0564,CNESRU,356,BAR.7.2.34.113,Cnestidium,Cnestidium rufescens,Connaraceae
565,101,BAR0565,PSYCIP,318,BAR.7.2.41.101,Psychotria,Psychotria ciprianiana,Rubiaceae
566,106,BAR0566,SWARS1,382,BAR.7.2.41.106,Swartzia,Swartzia simplex var. grandiflora,Fabaceae
567,54,BAR0567,PROTPA,223,BAR.7.2.43.54,Protium,Protium panamense,Burseraceae
568,135,BAR0568,HIRARE,311,BAR.8.0.11.135,Hiraea,Hiraea reclinata,Malpighiaceae
569,79,BAR0569,PROTTE,296,BAR.8.0.14.79,Protium,Protium tenuifolium,Burseraceae
570,161,BAR0570,PROTPA,977,BAR.8.0.14.161,Protium,Protium panamense,Burseraceae
571,172,BAR0571,SWARS2,463,BAR.8.0.24.172,Swartzia,Swartzia simplex var. continentalis,Fabaceae
572,100,BAR0572,POUTRE,212,BAR.8.0.31.100,Pouteria,Pouteria reticulata,Sapotaceae
573,163,BAR0573,MAR2PA,213,BAR.8.0.31.163,Maripa,Maripa panamensis,Convolvulaceae
574,166,BAR0574,MOURMY,280,BAR.8.0.31.166,Mouriri,Mouriri myrtilloides,Melastomataceae
575,142,BAR0575,PHRYCO,412,BAR.8.0.32.142,Bignonia,Bignonia corymbosa,Bignoniaceae
576,67,BAR0576,CAPPFR,283,BAR.8.0.41.67,Capparidastrum,Capparidastrum frondosum,Capparaceae
577,75,BAR0577,PHRYCO,365,BAR.8.0.41.75,Bignonia,Bignonia corymbosa,Bignoniaceae
578,191,BAR0578,PSYCIP,383,BAR.8.0.41.191,Psychotria,Psychotria ciprianiana,Rubiaceae
579,192,BAR0579,PHRYCO,317,BAR.8.0.41.192,Bignonia,Bignonia corymbosa,Bignoniaceae
580,193,BAR0580,CAPPFR,322,BAR.8.0.41.193,Capparidastrum,Capparidastrum frondosum,Capparaceae
581,199,BAR0581,CAPPFR,540,BAR.8.0.41.199,Capparidastrum,Capparidastrum frondosum,Capparaceae
582,191,BAR0582,EUGENE,407,BAR.8.1.11.191,Eugenia,Eugenia nesiotica,Myrtaceae
583,192,BAR0583,EUGENE,376,BAR.8.1.11.192,Eugenia,Eugenia nesiotica,Myrtaceae
584,124,BAR0584,MAR2PA,322,BAR.8.1.13.124,Maripa,Maripa panamensis,Convolvulaceae
585,184,BAR0585,PROTPA,402,BAR.8.1.13.184,Protium,Protium panamense,Burseraceae
586,144,BAR0586,MOURMY,857,BAR.8.1.21.144,Mouriri,Mouriri myrtilloides,Melastomataceae
587,200,BAR0587,MOURMY,381,BAR.8.1.21.200,Mouriri,Mouriri myrtilloides,Melastomataceae
588,185,BAR0588,SWARS2,284,BAR.8.1.24.185,Swartzia,Swartzia simplex var. continentalis,Fabaceae
589,147,BAR0589,PROTPA,366,BAR.8.1.31.147,Protium,Protium panamense,Burseraceae
590,178,BAR0590,PROTTE,547,BAR.8.1.31.178,Protium,Protium tenuifolium,Burseraceae
591,185,BAR0591,MOURMY,296,BAR.8.1.31.185,Mouriri,Mouriri myrtilloides,Melastomataceae
592,177,BAR0592,PAULFI,252,BAR.8.2.14.177,Paullinia,Paullinia fibrigera,Sapindaceae
593,188,BAR0593,RINOSY,455,BAR.8.2.14.188,Rinorea,Rinorea sylvatica,Violaceae
594,193,BAR0594,RINOSY,477,BAR.8.2.14.193,Rinorea,Rinorea sylvatica,Violaceae
595,6,BAR0595,POUTRE,239,BAR.8.2.24.6,Pouteria,Pouteria reticulata,Sapotaceae
596,200,BAR0596,COCCP1,375,BAR.8.2.24.200,Coccoloba,Coccoloba excelsa,Polygonaceae
597,124,BAR0597,SWARS2,368,BAR.8.2.33.124,Swartzia,Swartzia simplex var. continentalis,Fabaceae
598,146,BAR0598,RINOSY,75,BAR.8.2.41.146,Rinorea,Rinorea sylvatica,Violaceae
599,130,BAR0599,COCCP1,380,BAR.8.2.44.130,Coccoloba,Coccoloba excelsa,Polygonaceae
600,148,BAR0600,PSYCFU,355,BAR.8.2.44.148,Psychotria,Psychotria hoffmannseggiana,Rubiaceae
601,44,PEA0001,HYBAPR,315,PEA.00.25.44,Hybanthus,Hybanthus prunifolius,Violaceae
602,41,PEA0002,DES2PA,291,PEA.00.45.41,Desmopsis,Desmopsis panamensis,Annonaceae
603,43,PEA0003,PRI1AS,442,PEA.00.45.43,Prionostemma,Prionostemma asperum,Celastraceae
604,31,PEA0004,FARAOC,241,PEA.00.50.31,Faramea,Faramea occidentalis,Rubiaceae
605,37,PEA0005,SWARS2,271,PEA.00.50.37,Swartzia,Swartzia simplex var. continentalis,Fabaceae
606,40,PEA0006,CAPPFR,240,PEA.00.50.40,Capparidastrum,Capparidastrum frondosum,Capparaceae
607,44,PEA0007,FARAOC,403,PEA.00.50.44,Faramea,Faramea occidentalis,Rubiaceae
608,78,PEA0008,RANDAR,222,PEA.00.50.78,Randia,Randia armata,Rubiaceae
609,95,PEA0009,CAPPFR,425,PEA.00.50.95,Capparidastrum,Capparidastrum frondosum,Capparaceae
610,112,PEA0010,DES2PA,215,PEA.00.50.112,Desmopsis,Desmopsis panamensis,Annonaceae
611,38,PEA0011,EUGEOE,351,PEA.00.60.38,Eugenia,Eugenia oerstediana,Myrtaceae
612,59,PEA0012,MOURMY,822,PEA.00.60.59,Mouriri,Mouriri myrtilloides,Melastomataceae
613,30,PEA0013,DOLIOL,301,PEA.00.65.30,Doliocarpus,Doliocarpus olivaceus,Dilleniaceae
614,73,PEA0014,PAULTU,271,PEA.00.65.73,Paullinia,Paullinia turbacensis,Sapindaceae
615,106,PEA0015,MAR2PA,212,PEA.00.65.106,Maripa,Maripa panamensis,Convolvulaceae
616,25,PEA0016,DOLIMA,350,PEA.00.70.25,Doliocarpus,Doliocarpus major,Dilleniaceae
617,26,PEA0017,DOLIOL,271,PEA.00.70.26,Doliocarpus,Doliocarpus olivaceus,Dilleniaceae
618,27,PEA0018,DOLIMA,262,PEA.00.70.27,Doliocarpus,Doliocarpus major,Dilleniaceae
619,36,PEA0019,DOLIOL,241,PEA.00.70.36,Doliocarpus,Doliocarpus olivaceus,Dilleniaceae
620,37,PEA0020,DOLIMA,267,PEA.00.70.37,Doliocarpus,Doliocarpus major,Dilleniaceae
621,51,PEA0021,PRI1AS,752,PEA.00.70.51,Prionostemma,Prionostemma asperum,Celastraceae
622,53,PEA0022,HYBAPR,441,PEA.00.70.53,Hybanthus,Hybanthus prunifolius,Violaceae
623,65,PEA0023,DOLIMA,162,PEA.00.70.65,Doliocarpus,Doliocarpus major,Dilleniaceae
624,74,PEA0024,DOLIMA,220,PEA.00.70.74,Doliocarpus,Doliocarpus major,Dilleniaceae
625,78,PEA0025,DOLIMA,212,PEA.00.70.78,Doliocarpus,Doliocarpus major,Dilleniaceae
626,81,PEA0026,DOLIMA,225,PEA.00.70.81,Doliocarpus,Doliocarpus major,Dilleniaceae
627,82,PEA0027,DOLIMA,263,PEA.00.70.82,Doliocarpus,Doliocarpus major,Dilleniaceae
628,47,PEA0028,DOLIOL,265,PEA.00.75.47,Doliocarpus,Doliocarpus olivaceus,Dilleniaceae
629,48,PEA0029,CAPPFR,281,PEA.00.80.48,Capparidastrum,Capparidastrum frondosum,Capparaceae
630,66,PEA0030,SWARS2,722,PEA.00.85.66,Swartzia,Swartzia simplex var. continentalis,Fabaceae
631,34,PEA0031,PAULTU,231,PEA.00.100.34,Paullinia,Paullinia turbacensis,Sapindaceae
632,39,PEA0032,FARAOC,544,PEA.00.115.39,Faramea,Faramea occidentalis,Rubiaceae
633,32,PEA0033,PRI1AS,762,PEA.00.135.32,Prionostemma,Prionostemma asperum,Celastraceae
634,35,PEA0034,DOLIOL,572,PEA.00.135.35,Doliocarpus,Doliocarpus olivaceus,Dilleniaceae
635,83,PEA0035,FARAOC,411,PEA.00.135.83,Faramea,Faramea occidentalis,Rubiaceae
636,86,PEA0036,PRI1AS,193,PEA.00.135.86,Prionostemma,Prionostemma asperum,Celastraceae
637,99,PEA0037,MOURMY,271,PEA.00.135.99,Mouriri,Mouriri myrtilloides,Melastomataceae
638,179,PEA0038,MOURMY,461,PEA.00.135.179,Mouriri,Mouriri myrtilloides,Melastomataceae
639,199,PEA0039,MOURMY,966,PEA.00.135.199,Mouriri,Mouriri myrtilloides,Melastomataceae
640,90,PEA0040,HYBAPR,362,PEA.00.140.90,Hybanthus,Hybanthus prunifolius,Violaceae
641,180,PEA0041,FARAOC,461,PEA.00.140.180,Faramea,Faramea occidentalis,Rubiaceae
642,181,PEA0042,PRI1AS,653,PEA.00.140.181,Prionostemma,Prionostemma asperum,Celastraceae
643,185,PEA0043,PRI1AS,462,PEA.00.140.185,Prionostemma,Prionostemma asperum,Celastraceae
644,90,PEA0044,CHR2CA,193,PEA.00.170.90,Chrysophyllum,Chrysophyllum cainito,Sapotaceae
645,96,PEA0045,FARAOC,200,PEA.00.175.96,Faramea,Faramea occidentalis,Rubiaceae
646,86,PEA0046,DES2PA,201,PEA.00.195.86,Desmopsis,Desmopsis panamensis,Annonaceae
647,15,PEA0047,MAR2PA,265,PEA.05.05.15,Maripa,Maripa panamensis,Convolvulaceae
648,186,PEA0048,MAR2PA,482,PEA.05.05.186,Maripa,Maripa panamensis,Convolvulaceae
649,177,PEA0049,LACIAG,301,PEA.05.15.177,Lacistema,Lacistema aggregatum,Lacistemataceae
650,83,PEA0050,DOLIOL,474,PEA.05.35.83,Doliocarpus,Doliocarpus olivaceus,Dilleniaceae
651,194,PEA0051,LACIAG,871,PEA.05.35.194,Lacistema,Lacistema aggregatum,Lacistemataceae
652,7,PEA0052,PAULTU,429,PEA.05.40.7,Paullinia,Paullinia turbacensis,Sapindaceae
653,88,PEA0053,DOLIOL,286,PEA.05.45.88,Doliocarpus,Doliocarpus olivaceus,Dilleniaceae
654,76,PEA0054,GUSTSU,246,PEA.05.50.76,Gustavia,Gustavia superba,Lecythidaceae
655,191,PEA0055,PAULTU,241,PEA.05.50.191,Paullinia,Paullinia turbacensis,Sapindaceae
656,6,PEA0056,PAULTU,277,PEA.05.60.6,Paullinia,Paullinia turbacensis,Sapindaceae
657,40,PEA0057,EUGEOE,214,PEA.05.65.40,Eugenia,Eugenia oerstediana,Myrtaceae
658,42,PEA0058,GUSTSU,293,PEA.05.70.42,Gustavia,Gustavia superba,Lecythidaceae
659,163,PEA0059,HYBAPR,219,PEA.05.90.163,Hybanthus,Hybanthus prunifolius,Violaceae
660,153,PEA0060,FARAOC,151,PEA.05.105.153,Faramea,Faramea occidentalis,Rubiaceae
661,196,PEA0061,PRI1AS,247,PEA.05.115.196,Prionostemma,Prionostemma asperum,Celastraceae
662,7,PEA0062,EUGEOE,225,PEA.05.125.7,Eugenia,Eugenia oerstediana,Myrtaceae
663,8,PEA0063,DOLIMA,665,PEA.05.125.8,Doliocarpus,Doliocarpus major,Dilleniaceae
664,11,PEA0064,DOLIMA,249,PEA.05.125.11,Doliocarpus,Doliocarpus major,Dilleniaceae
665,12,PEA0065,DOLIMA,285,PEA.05.125.12,Doliocarpus,Doliocarpus major,Dilleniaceae
666,23,PEA0066,DOLIMA,319,PEA.05.125.23,Doliocarpus,Doliocarpus major,Dilleniaceae
667,25,PEA0067,DOLIMA,226,PEA.05.125.25,Doliocarpus,Doliocarpus major,Dilleniaceae
668,159,PEA0068,DOLIMA,563,PEA.05.125.159,Doliocarpus,Doliocarpus major,Dilleniaceae
669,172,PEA0069,MOURMY,655,PEA.05.125.172,Mouriri,Mouriri myrtilloides,Melastomataceae
670,186,PEA0070,DOLIMA,281,PEA.05.125.186,Doliocarpus,Doliocarpus major,Dilleniaceae
671,12,PEA0071,PRI1AS,105,PEA.05.130.12,Prionostemma,Prionostemma asperum,Celastraceae
672,19,PEA0072,PRI1AS,311,PEA.05.130.19,Prionostemma,Prionostemma asperum,Celastraceae
673,21,PEA0073,FARAOC,215,PEA.05.135.21,Faramea,Faramea occidentalis,Rubiaceae
674,81,PEA0074,PRI1AS,312,PEA.05.135.81,Prionostemma,Prionostemma asperum,Celastraceae
675,86,PEA0075,FARAOC,474,PEA.05.135.86,Faramea,Faramea occidentalis,Rubiaceae
676,157,PEA0076,MOURMY,971,PEA.05.135.157,Mouriri,Mouriri myrtilloides,Melastomataceae
677,76,PEA0077,PROTTE,519,PEA.05.140.76,Protium,Protium tenuifolium,Burseraceae
678,66,PEA0078,PRI1AS,821,PEA.05.145.66,Prionostemma,Prionostemma asperum,Celastraceae
679,185,PEA0079,MOURMY,391,PEA.05.145.185,Mouriri,Mouriri myrtilloides,Melastomataceae
680,12,PEA0080,FARAOC,291,PEA.05.150.12,Faramea,Faramea occidentalis,Rubiaceae
681,53,PEA0081,FARAOC,297,PEA.05.150.53,Faramea,Faramea occidentalis,Rubiaceae
682,64,PEA0082,FARAOC,371,PEA.05.150.64,Faramea,Faramea occidentalis,Rubiaceae
683,65,PEA0083,CHR2CA,320,PEA.05.150.65,Chrysophyllum,Chrysophyllum cainito,Sapotaceae
684,68,PEA0084,RANDAR,352,PEA.05.150.68,Randia,Randia armata,Rubiaceae
685,5,PEA0085,RANDAR,251,PEA.05.155.5,Randia,Randia armata,Rubiaceae
686,8,PEA0086,RANDAR,365,PEA.05.155.8,Randia,Randia armata,Rubiaceae
687,13,PEA0087,RANDAR,412,PEA.05.155.13,Randia,Randia armata,Rubiaceae
688,193,PEA0088,PRI1AS,216,PEA.05.160.193,Prionostemma,Prionostemma asperum,Celastraceae
689,148,PEA0089,SWARS2,315,PEA.05.170.148,Swartzia,Swartzia simplex var. continentalis,Fabaceae
690,9,PEA0090,FARAOC,240,PEA.05.185.9,Faramea,Faramea occidentalis,Rubiaceae
691,23,PEA0091,FARAOC,345,PEA.05.185.23,Faramea,Faramea occidentalis,Rubiaceae
692,43,PEA0092,EUGEOE,235,PEA.05.185.43,Eugenia,Eugenia oerstediana,Myrtaceae
693,51,PEA0093,ACALDI,235,PEA.05.185.51,Acalypha,Acalypha diversifolia,Euphorbiaceae
694,40,PEA0094,LACIAG,211,PEA.10.00.40,Lacistema,Lacistema aggregatum,Lacistemataceae
695,32,PEA0095,GUSTSU,234,PEA.10.15.32,Gustavia,Gustavia superba,Lecythidaceae
696,130,PEA0096,GUSTSU,203,PEA.10.15.130,Gustavia,Gustavia superba,Lecythidaceae
697,33,PEA0097,GUSTSU,212,PEA.10.35.33,Gustavia,Gustavia superba,Lecythidaceae
698,132,PEA0098,GUSTSU,206,PEA.10.35.132,Gustavia,Gustavia superba,Lecythidaceae
699,137,PEA0099,GUSTSU,253,PEA.10.35.137,Gustavia,Gustavia superba,Lecythidaceae
700,146,PEA0100,CHR2CA,306,PEA.10.35.146,Chrysophyllum,Chrysophyllum cainito,Sapotaceae
701,142,PEA0101,HYBAPR,341,PEA.10.40.142,Hybanthus,Hybanthus prunifolius,Violaceae
702,129,PEA0102,MAR2PA,442,PEA.10.45.129,Maripa,Maripa panamensis,Convolvulaceae
703,143,PEA0103,DOLIOL,309,PEA.10.45.143,Doliocarpus,Doliocarpus olivaceus,Dilleniaceae
704,131,PEA0104,CAPPFR,679,PEA.10.60.131,Capparidastrum,Capparidastrum frondosum,Capparaceae
705,138,PEA0105,DOLIOL,204,PEA.10.60.138,Doliocarpus,Doliocarpus olivaceus,Dilleniaceae
706,50,PEA0106,DES2PA,249,PEA.10.70.50,Desmopsis,Desmopsis panamensis,Annonaceae
707,144,PEA0107,EUGEOE,262,PEA.10.90.144,Eugenia,Eugenia oerstediana,Myrtaceae
708,117,PEA0108,PAULTU,149,PEA.10.95.117,Paullinia,Paullinia turbacensis,Sapindaceae
709,123,PEA0109,CAPPFR,272,PEA.10.95.123,Capparidastrum,Capparidastrum frondosum,Capparaceae
710,136,PEA0110,PAULTU,104,PEA.10.95.136,Paullinia,Paullinia turbacensis,Sapindaceae
711,135,PEA0111,ACALDI,234,PEA.10.100.135,Acalypha,Acalypha diversifolia,Euphorbiaceae
712,106,PEA0112,DOLIMA,47,PEA.10.105.106,Doliocarpus,Doliocarpus major,Dilleniaceae
713,108,PEA0113,DOLIMA,763,PEA.10.105.108,Doliocarpus,Doliocarpus major,Dilleniaceae
714,114,PEA0114,DOLIMA,546,PEA.10.105.114,Doliocarpus,Doliocarpus major,Dilleniaceae
715,115,PEA0115,DOLIMA,356,PEA.10.105.115,Doliocarpus,Doliocarpus major,Dilleniaceae
716,121,PEA0116,DOLIMA,409,PEA.10.105.121,Doliocarpus,Doliocarpus major,Dilleniaceae
717,127,PEA0117,DOLIMA,362,PEA.10.105.127,Doliocarpus,Doliocarpus major,Dilleniaceae
718,124,PEA0118,FARAOC,269,PEA.10.115.124,Faramea,Faramea occidentalis,Rubiaceae
719,194,PEA0119,FARAOC,269,PEA.10.115.194,Faramea,Faramea occidentalis,Rubiaceae
720,26,PEA0120,PROTTE,237,PEA.10.120.26,Protium,Protium tenuifolium,Burseraceae
721,176,PEA0121,DOLIOL,507,PEA.10.120.176,Doliocarpus,Doliocarpus olivaceus,Dilleniaceae
722,177,PEA0122,CAPPFR,428,PEA.10.120.177,Capparidastrum,Capparidastrum frondosum,Capparaceae
723,180,PEA0123,PROTTE,252,PEA.10.120.180,Protium,Protium tenuifolium,Burseraceae
724,182,PEA0124,DOLIOL,276,PEA.10.120.182,Doliocarpus,Doliocarpus olivaceus,Dilleniaceae
725,188,PEA0125,DOLIOL,522,PEA.10.120.188,Doliocarpus,Doliocarpus olivaceus,Dilleniaceae
726,195,PEA0126,PRI1AS,291,PEA.10.120.195,Prionostemma,Prionostemma asperum,Celastraceae
727,200,PEA0127,EUGEOE,399,PEA.10.120.200,Eugenia,Eugenia oerstediana,Myrtaceae
728,190,PEA0128,EUGEOE,343,PEA.10.125.190,Eugenia,Eugenia oerstediana,Myrtaceae
729,192,PEA0129,DOLIOL,302,PEA.10.125.192,Doliocarpus,Doliocarpus olivaceus,Dilleniaceae
730,5,PEA0130,PROTTE,401,PEA.10.130.5,Protium,Protium tenuifolium,Burseraceae
731,182,PEA0131,PROTTE,266,PEA.10.130.182,Protium,Protium tenuifolium,Burseraceae
732,196,PEA0132,PAULTU,432,PEA.10.130.196,Paullinia,Paullinia turbacensis,Sapindaceae
733,4,PEA0133,CHR2CA,272,PEA.10.135.4,Chrysophyllum,Chrysophyllum cainito,Sapotaceae
734,2,PEA0134,PRI1AS,444,PEA.10.145.2,Prionostemma,Prionostemma asperum,Celastraceae
735,200,PEA0135,SWARS2,511,PEA.10.150.200,Swartzia,Swartzia simplex var. continentalis,Fabaceae
736,180,PEA0136,HYBAPR,937,PEA.10.170.180,Hybanthus,Hybanthus prunifolius,Violaceae
737,196,PEA0137,HYBAPR,398,PEA.10.170.196,Hybanthus,Hybanthus prunifolius,Violaceae
738,9,PEA0138,SWARS2,982,PEA.15.00.9,Swartzia,Swartzia simplex var. continentalis,Fabaceae
739,92,PEA0139,GUSTSU,200,PEA.15.05.92,Gustavia,Gustavia superba,Lecythidaceae
740,2,PEA0140,MAR2PA,351,PEA.15.10.2,Maripa,Maripa panamensis,Convolvulaceae
741,1,PEA0141,LACIAG,321,PEA.15.15.1,Lacistema,Lacistema aggregatum,Lacistemataceae
742,4,PEA0142,MAR2PA,352,PEA.15.15.4,Maripa,Maripa panamensis,Convolvulaceae
743,5,PEA0143,FARAOC,281,PEA.15.15.5,Faramea,Faramea occidentalis,Rubiaceae
744,11,PEA0144,SWARS2,160,PEA.15.15.11,Swartzia,Swartzia simplex var. continentalis,Fabaceae
745,13,PEA0145,FARAOC,432,PEA.15.15.13,Faramea,Faramea occidentalis,Rubiaceae
746,15,PEA0146,SWARS2,255,PEA.15.15.15,Swartzia,Swartzia simplex var. continentalis,Fabaceae
747,19,PEA0147,DES2PA,423,PEA.15.15.19,Desmopsis,Desmopsis panamensis,Annonaceae
748,3,PEA0148,CHR2CA,46,PEA.15.30.3,Chrysophyllum,Chrysophyllum cainito,Sapotaceae
749,10,PEA0149,SWARS2,218,PEA.15.30.10,Swartzia,Swartzia simplex var. continentalis,Fabaceae
750,180,PEA0150,MOURMY,201,PEA.15.30.180,Mouriri,Mouriri myrtilloides,Melastomataceae
751,6,PEA0151,FARAOC,572,PEA.15.45.6,Faramea,Faramea occidentalis,Rubiaceae
752,20,PEA0152,GUSTSU,401,PEA.15.45.20,Gustavia,Gustavia superba,Lecythidaceae
753,23,PEA0153,FARAOC,270,PEA.15.45.23,Faramea,Faramea occidentalis,Rubiaceae
754,7,PEA0154,EUGEOE,481,PEA.15.50.7,Eugenia,Eugenia oerstediana,Myrtaceae
755,18,PEA0155,GUSTSU,362,PEA.15.50.18,Gustavia,Gustavia superba,Lecythidaceae
756,21,PEA0156,HYBAPR,315,PEA.15.50.21,Hybanthus,Hybanthus prunifolius,Violaceae
757,87,PEA0157,SWARS2,246,PEA.15.55.87,Swartzia,Swartzia simplex var. continentalis,Fabaceae
758,15,PEA0158,GUSTSU,262,PEA.15.65.15,Gustavia,Gustavia superba,Lecythidaceae
759,77,PEA0159,PAULTU,301,PEA.15.65.77,Paullinia,Paullinia turbacensis,Sapindaceae
760,80,PEA0160,GUSTSU,161,PEA.15.65.80,Gustavia,Gustavia superba,Lecythidaceae
761,19,PEA0161,PROTTE,251,PEA.15.70.19,Protium,Protium tenuifolium,Burseraceae
762,100,PEA0162,HYBAPR,362,PEA.15.85.100,Hybanthus,Hybanthus prunifolius,Violaceae
763,91,PEA0163,SWARS2,461,PEA.15.95.91,Swartzia,Swartzia simplex var. continentalis,Fabaceae
764,174,PEA0164,PRI1AS,266,PEA.15.125.174,Prionostemma,Prionostemma asperum,Celastraceae
765,165,PEA0165,EUGEOE,310,PEA.15.130.165,Eugenia,Eugenia oerstediana,Myrtaceae
766,171,PEA0166,DOLIOL,375,PEA.15.130.171,Doliocarpus,Doliocarpus olivaceus,Dilleniaceae
767,160,PEA0167,RANDAR,341,PEA.15.145.160,Randia,Randia armata,Rubiaceae
768,163,PEA0168,RANDAR,401,PEA.15.145.163,Randia,Randia armata,Rubiaceae
769,28,PEA0169,DOLIOL,542,PEA.15.160.28,Doliocarpus,Doliocarpus olivaceus,Dilleniaceae
770,29,PEA0170,DOLIOL,441,PEA.15.160.29,Doliocarpus,Doliocarpus olivaceus,Dilleniaceae
771,31,PEA0171,DOLIOL,522,PEA.15.160.31,Doliocarpus,Doliocarpus olivaceus,Dilleniaceae
772,34,PEA0172,DOLIOL,542,PEA.15.160.34,Doliocarpus,Doliocarpus olivaceus,Dilleniaceae
773,41,PEA0173,HYBAPR,278,PEA.15.160.41,Hybanthus,Hybanthus prunifolius,Violaceae
774,44,PEA0174,HYBAPR,270,PEA.15.160.44,Hybanthus,Hybanthus prunifolius,Violaceae
775,46,PEA0175,DOLIOL,571,PEA.15.160.46,Doliocarpus,Doliocarpus olivaceus,Dilleniaceae
776,166,PEA0176,HYBAPR,121,PEA.15.160.166,Hybanthus,Hybanthus prunifolius,Violaceae
777,33,PEA0177,RANDAR,231,PEA.20.00.33,Randia,Randia armata,Rubiaceae
778,37,PEA0178,LACIAG,432,PEA.20.10.37,Lacistema,Lacistema aggregatum,Lacistemataceae
779,45,PEA0179,DOLIOL,216,PEA.20.10.45,Doliocarpus,Doliocarpus olivaceus,Dilleniaceae
780,89,PEA0180,DOLIOL,307,PEA.20.10.89,Doliocarpus,Doliocarpus olivaceus,Dilleniaceae
781,33,PEA0181,SWARS2,433,PEA.20.15.33,Swartzia,Swartzia simplex var. continentalis,Fabaceae
782,42,PEA0182,LACIAG,372,PEA.20.15.42,Lacistema,Lacistema aggregatum,Lacistemataceae
783,58,PEA0183,LACIAG,357,PEA.20.15.58,Lacistema,Lacistema aggregatum,Lacistemataceae
784,47,PEA0184,CAPPFR,363,PEA.20.25.47,Capparidastrum,Capparidastrum frondosum,Capparaceae
785,98,PEA0185,HYBAPR,82,PEA.20.35.98,Hybanthus,Hybanthus prunifolius,Violaceae
786,110,PEA0186,GUSTSU,106,PEA.20.35.110,Gustavia,Gustavia superba,Lecythidaceae
787,92,PEA0187,LACIAG,672,PEA.20.40.92,Lacistema,Lacistema aggregatum,Lacistemataceae
788,10,PEA0188,PAULTU,187,PEA.20.45.10,Paullinia,Paullinia turbacensis,Sapindaceae
789,2,PEA0189,CHR2CA,282,PEA.20.55.2,Chrysophyllum,Chrysophyllum cainito,Sapotaceae
790,40,PEA0190,PAULTU,192,PEA.20.85.40,Paullinia,Paullinia turbacensis,Sapindaceae
791,91,PEA0191,DES2PA,262,PEA.20.90.91,Desmopsis,Desmopsis panamensis,Annonaceae
792,96,PEA0192,PAULTU,594,PEA.20.90.96,Paullinia,Paullinia turbacensis,Sapindaceae
793,105,PEA0193,DES2PA,207,PEA.20.90.105,Desmopsis,Desmopsis panamensis,Annonaceae
794,15,PEA0194,HYBAPR,394,PEA.20.115.15,Hybanthus,Hybanthus prunifolius,Violaceae
795,39,PEA0195,SWARS2,295,PEA.20.120.39,Swartzia,Swartzia simplex var. continentalis,Fabaceae
796,46,PEA0196,MAR2PA,152,PEA.20.120.46,Maripa,Maripa panamensis,Convolvulaceae
797,88,PEA0197,DOLIOL,931,PEA.20.120.88,Doliocarpus,Doliocarpus olivaceus,Dilleniaceae
798,23,PEA0198,PRI1AS,296,PEA.20.130.23,Prionostemma,Prionostemma asperum,Celastraceae
799,53,PEA0199,EUGEOE,282,PEA.20.130.53,Eugenia,Eugenia oerstediana,Myrtaceae
800,80,PEA0200,PRI1AS,142,PEA.20.130.80,Prionostemma,Prionostemma asperum,Celastraceae
801,135,PEA0201,PROTTE,567,PEA.20.130.135,Protium,Protium tenuifolium,Burseraceae
802,24,PEA0202,EUGEOE,602,PEA.20.135.24,Eugenia,Eugenia oerstediana,Myrtaceae
803,15,PEA0203,FARAOC,727,PEA.20.140.15,Faramea,Faramea occidentalis,Rubiaceae
804,18,PEA0204,FARAOC,485,PEA.20.140.18,Faramea,Faramea occidentalis,Rubiaceae
805,83,PEA0205,DES2PA,653,PEA.20.145.83,Desmopsis,Desmopsis panamensis,Annonaceae
806,2,PEA0206,ACALDI,123,PEA.20.150.2,Acalypha,Acalypha diversifolia,Euphorbiaceae
807,10,PEA0207,ACALDI,31,PEA.20.150.10,Acalypha,Acalypha diversifolia,Euphorbiaceae
808,84,PEA0208,ACALDI,173,PEA.20.150.84,Acalypha,Acalypha diversifolia,Euphorbiaceae
809,92,PEA0209,ACALDI,264,PEA.20.150.92,Acalypha,Acalypha diversifolia,Euphorbiaceae
810,93,PEA0210,ACALDI,55,PEA.20.150.93,Acalypha,Acalypha diversifolia,Euphorbiaceae
811,195,PEA0211,DOLIOL,417,PEA.25.00.195,Doliocarpus,Doliocarpus olivaceus,Dilleniaceae
812,7,PEA0212,LACIAG,425,PEA.25.15.7,Lacistema,Lacistema aggregatum,Lacistemataceae
813,8,PEA0213,MAR2PA,205,PEA.25.20.8,Maripa,Maripa panamensis,Convolvulaceae
814,103,PEA0214,MAR2PA,241,PEA.25.40.103,Maripa,Maripa panamensis,Convolvulaceae
815,180,PEA0215,EUGEOE,295,PEA.25.40.180,Eugenia,Eugenia oerstediana,Myrtaceae
816,186,PEA0216,PAULTU,77,PEA.25.40.186,Paullinia,Paullinia turbacensis,Sapindaceae
817,187,PEA0217,MAR2PA,470,PEA.25.40.187,Maripa,Maripa panamensis,Convolvulaceae
818,189,PEA0218,PROTTE,551,PEA.25.40.189,Protium,Protium tenuifolium,Burseraceae
819,200,PEA0219,SWARS2,715,PEA.25.40.200,Swartzia,Swartzia simplex var. continentalis,Fabaceae
820,195,PEA0220,CAPPFR,323,PEA.25.45.195,Capparidastrum,Capparidastrum frondosum,Capparaceae
821,20,PEA0221,DES2PA,472,PEA.25.50.20,Desmopsis,Desmopsis panamensis,Annonaceae
822,6,PEA0222,PAULTU,273,PEA.25.55.6,Paullinia,Paullinia turbacensis,Sapindaceae
823,7,PEA0223,PROTTE,606,PEA.25.55.7,Protium,Protium tenuifolium,Burseraceae
824,1,PEA0224,MAR2PA,855,PEA.25.60.1,Maripa,Maripa panamensis,Convolvulaceae
825,25,PEA0225,CHR2CA,357,PEA.25.60.25,Chrysophyllum,Chrysophyllum cainito,Sapotaceae
826,4,PEA0226,GUSTSU,299,PEA.25.95.4,Gustavia,Gustavia superba,Lecythidaceae
827,16,PEA0227,HYBAPR,441,PEA.25.95.16,Hybanthus,Hybanthus prunifolius,Violaceae
828,59,PEA0228,HYBAPR,212,PEA.25.95.59,Hybanthus,Hybanthus prunifolius,Violaceae
829,93,PEA0229,DOLIOL,379,PEA.25.95.93,Doliocarpus,Doliocarpus olivaceus,Dilleniaceae
830,92,PEA0230,DOLIOL,284,PEA.25.100.92,Doliocarpus,Doliocarpus olivaceus,Dilleniaceae
831,84,PEA0231,EUGEOE,565,PEA.25.115.84,Eugenia,Eugenia oerstediana,Myrtaceae
832,87,PEA0232,GUSTSU,301,PEA.25.115.87,Gustavia,Gustavia superba,Lecythidaceae
833,88,PEA0233,PAULTU,274,PEA.25.115.88,Paullinia,Paullinia turbacensis,Sapindaceae
834,99,PEA0234,MAR2PA,312,PEA.25.120.99,Maripa,Maripa panamensis,Convolvulaceae
835,85,PEA0235,MAR2PA,327,PEA.25.125.85,Maripa,Maripa panamensis,Convolvulaceae
836,39,PEA0236,SWARS2,702,PEA.25.130.39,Swartzia,Swartzia simplex var. continentalis,Fabaceae
837,98,PEA0237,GUSTSU,526,PEA.25.130.98,Gustavia,Gustavia superba,Lecythidaceae
838,5,PEA0238,TET2PA,204,PEA.25.135.5,Tetragastris,Tetragastris panamensis,Burseraceae
839,12,PEA0239,TET2PA,245,PEA.25.135.12,Tetragastris,Tetragastris panamensis,Burseraceae
840,28,PEA0240,TET2PA,262,PEA.25.135.28,Tetragastris,Tetragastris panamensis,Burseraceae
841,32,PEA0241,TET2PA,405,PEA.25.135.32,Tetragastris,Tetragastris panamensis,Burseraceae
842,37,PEA0242,TET2PA,430,PEA.25.135.37,Tetragastris,Tetragastris panamensis,Burseraceae
843,39,PEA0243,TET2PA,215,PEA.25.135.39,Tetragastris,Tetragastris panamensis,Burseraceae
844,44,PEA0244,DOLIOL,942,PEA.25.135.44,Doliocarpus,Doliocarpus olivaceus,Dilleniaceae
845,104,PEA0245,TET2PA,221,PEA.25.135.104,Tetragastris,Tetragastris panamensis,Burseraceae
846,139,PEA0246,TET2PA,241,PEA.25.135.139,Tetragastris,Tetragastris panamensis,Burseraceae
847,166,PEA0247,TET2PA,217,PEA.25.135.166,Tetragastris,Tetragastris panamensis,Burseraceae
848,38,PEA0248,DOLIOL,631,PEA.25.150.38,Doliocarpus,Doliocarpus olivaceus,Dilleniaceae
849,79,PEA0249,EUGEOE,503,PEA.25.160.79,Eugenia,Eugenia oerstediana,Myrtaceae
850,83,PEA0250,HYBAPR,511,PEA.25.160.83,Hybanthus,Hybanthus prunifolius,Violaceae
851,94,PEA0251,HYBAPR,770,PEA.25.165.94,Hybanthus,Hybanthus prunifolius,Violaceae
852,106,PEA0252,EUGEOE,275,PEA.25.165.106,Eugenia,Eugenia oerstediana,Myrtaceae
853,81,PEA0253,HYBAPR,643,PEA.25.170.81,Hybanthus,Hybanthus prunifolius,Violaceae
854,75,PEA0254,EUGEOE,266,PEA.25.180.75,Eugenia,Eugenia oerstediana,Myrtaceae
855,56,PEA0255,MAR2PA,471,PEA.30.45.56,Maripa,Maripa panamensis,Convolvulaceae
856,63,PEA0256,ACALDI,231,PEA.30.45.63,Acalypha,Acalypha diversifolia,Euphorbiaceae
857,70,PEA0257,MAR2PA,325,PEA.30.45.70,Maripa,Maripa panamensis,Convolvulaceae
858,58,PEA0258,EUGEOE,763,PEA.30.50.58,Eugenia,Eugenia oerstediana,Myrtaceae
859,62,PEA0259,FARAOC,425,PEA.30.50.62,Faramea,Faramea occidentalis,Rubiaceae
860,64,PEA0260,FARAOC,622,PEA.30.50.64,Faramea,Faramea occidentalis,Rubiaceae
861,74,PEA0261,CAPPFR,331,PEA.30.55.74,Capparidastrum,Capparidastrum frondosum,Capparaceae
862,1,PEA0262,CAPPFR,441,PEA.30.60.1,Capparidastrum,Capparidastrum frondosum,Capparaceae
863,1,PEA0263,EUGEOE,233,PEA.30.65.1,Eugenia,Eugenia oerstediana,Myrtaceae
864,57,PEA0264,PAULTU,131,PEA.30.70.57,Paullinia,Paullinia turbacensis,Sapindaceae
865,73,PEA0265,HYBAPR,41,PEA.30.70.73,Hybanthus,Hybanthus prunifolius,Violaceae
866,62,PEA0266,LACIAG,671,PEA.30.75.62,Lacistema,Lacistema aggregatum,Lacistemataceae
867,65,PEA0267,PRI1AS,261,PEA.30.75.65,Prionostemma,Prionostemma asperum,Celastraceae
868,184,PEA0268,EUGEOE,244,PEA.30.90.184,Eugenia,Eugenia oerstediana,Myrtaceae
869,185,PEA0269,MOURMY,270,PEA.30.90.185,Mouriri,Mouriri myrtilloides,Melastomataceae
870,31,PEA0270,MOURMY,222,PEA.30.95.31,Mouriri,Mouriri myrtilloides,Melastomataceae
871,12,PEA0271,HYBAPR,510,PEA.30.105.12,Hybanthus,Hybanthus prunifolius,Violaceae
872,3,PEA0272,EUGEOE,871,PEA.30.115.3,Eugenia,Eugenia oerstediana,Myrtaceae
873,77,PEA0273,PROTTE,320,PEA.30.130.77,Protium,Protium tenuifolium,Burseraceae
874,22,PEA0274,MAR2PA,461,PEA.30.135.22,Maripa,Maripa panamensis,Convolvulaceae
875,67,PEA0275,HYBAPR,481,PEA.30.135.67,Hybanthus,Hybanthus prunifolius,Violaceae
876,70,PEA0276,MAR2PA,341,PEA.30.135.70,Maripa,Maripa panamensis,Convolvulaceae
877,6,PEA0277,TET2PA,362,PEA.30.140.6,Tetragastris,Tetragastris panamensis,Burseraceae
878,13,PEA0278,HYBAPR,421,PEA.30.140.13,Hybanthus,Hybanthus prunifolius,Violaceae
879,16,PEA0279,HYBAPR,402,PEA.30.140.16,Hybanthus,Hybanthus prunifolius,Violaceae
880,22,PEA0280,TET2PA,251,PEA.30.140.22,Tetragastris,Tetragastris panamensis,Burseraceae
881,24,PEA0281,TET2PA,311,PEA.30.140.24,Tetragastris,Tetragastris panamensis,Burseraceae
882,39,PEA0282,TET2PA,251,PEA.30.140.39,Tetragastris,Tetragastris panamensis,Burseraceae
883,46,PEA0283,TET2PA,271,PEA.30.140.46,Tetragastris,Tetragastris panamensis,Burseraceae
884,52,PEA0284,TET2PA,301,PEA.30.140.52,Tetragastris,Tetragastris panamensis,Burseraceae
885,59,PEA0285,TET2PA,296,PEA.30.140.59,Tetragastris,Tetragastris panamensis,Burseraceae
886,94,PEA0286,TET2PA,311,PEA.30.140.94,Tetragastris,Tetragastris panamensis,Burseraceae
887,112,PEA0287,TET2PA,241,PEA.30.140.112,Tetragastris,Tetragastris panamensis,Burseraceae
888,179,PEA0288,TET2PA,231,PEA.30.140.179,Tetragastris,Tetragastris panamensis,Burseraceae
889,182,PEA0289,TET2PA,258,PEA.30.140.182,Tetragastris,Tetragastris panamensis,Burseraceae
890,186,PEA0290,TET2PA,241,PEA.30.140.186,Tetragastris,Tetragastris panamensis,Burseraceae
891,189,PEA0291,TET2PA,204,PEA.30.140.189,Tetragastris,Tetragastris panamensis,Burseraceae
892,196,PEA0292,TET2PA,231,PEA.30.140.196,Tetragastris,Tetragastris panamensis,Burseraceae
893,21,PEA0293,ACALDI,311,PEA.30.150.21,Acalypha,Acalypha diversifolia,Euphorbiaceae
894,14,PEA0294,DOLIOL,341,PEA.30.155.14,Doliocarpus,Doliocarpus olivaceus,Dilleniaceae
895,2,PEA0295,HYBAPR,541,PEA.30.165.2,Hybanthus,Hybanthus prunifolius,Violaceae
896,28,PEA0296,CAPPFR,541,PEA.30.175.28,Capparidastrum,Capparidastrum frondosum,Capparaceae
897,19,PEA0297,LACIAG,746,PEA.30.185.19,Lacistema,Lacistema aggregatum,Lacistemataceae
898,24,PEA0298,MAR2PA,440,PEA.30.185.24,Maripa,Maripa panamensis,Convolvulaceae
899,38,PEA0299,SWARS2,432,PEA.35.10.38,Swartzia,Swartzia simplex var. continentalis,Fabaceae
900,31,PEA0300,LACIAG,434,PEA.35.15.31,Lacistema,Lacistema aggregatum,Lacistemataceae
901,36,PEA0301,CAPPFR,407,PEA.35.15.36,Capparidastrum,Capparidastrum frondosum,Capparaceae
902,42,PEA0302,MAR2PA,268,PEA.35.15.42,Maripa,Maripa panamensis,Convolvulaceae
903,49,PEA0303,MAR2PA,357,PEA.35.15.49,Maripa,Maripa panamensis,Convolvulaceae
904,62,PEA0304,CAPPFR,242,PEA.35.15.62,Capparidastrum,Capparidastrum frondosum,Capparaceae
905,77,PEA0305,EUGEOE,237,PEA.35.15.77,Eugenia,Eugenia oerstediana,Myrtaceae
906,48,PEA0306,MOURMY,847,PEA.35.35.48,Mouriri,Mouriri myrtilloides,Melastomataceae
907,32,PEA0307,CHR2CA,277,PEA.35.50.32,Chrysophyllum,Chrysophyllum cainito,Sapotaceae
908,98,PEA0308,MOURMY,226,PEA.35.95.98,Mouriri,Mouriri myrtilloides,Melastomataceae
909,40,PEA0309,MOURMY,582,PEA.35.105.40,Mouriri,Mouriri myrtilloides,Melastomataceae
910,43,PEA0310,CHR2CA,215,PEA.35.105.43,Chrysophyllum,Chrysophyllum cainito,Sapotaceae
911,176,PEA0311,PRI1AS,342,PEA.35.105.176,Prionostemma,Prionostemma asperum,Celastraceae
912,180,PEA0312,PRI1AS,457,PEA.35.105.180,Prionostemma,Prionostemma asperum,Celastraceae
913,182,PEA0313,HYBAPR,544,PEA.35.105.182,Hybanthus,Hybanthus prunifolius,Violaceae
914,198,PEA0314,HYBAPR,543,PEA.35.105.198,Hybanthus,Hybanthus prunifolius,Violaceae
915,47,PEA0315,EUGEOE,561,PEA.35.120.47,Eugenia,Eugenia oerstediana,Myrtaceae
916,91,PEA0316,GUSTSU,257,PEA.35.120.91,Gustavia,Gustavia superba,Lecythidaceae
917,189,PEA0317,PROTTE,561,PEA.35.120.189,Protium,Protium tenuifolium,Burseraceae
918,196,PEA0318,RANDAR,99,PEA.35.120.196,Randia,Randia armata,Rubiaceae
919,60,PEA0319,HYBAPR,248,PEA.35.125.60,Hybanthus,Hybanthus prunifolius,Violaceae
920,86,PEA0320,FARAOC,124,PEA.35.125.86,Faramea,Faramea occidentalis,Rubiaceae
921,95,PEA0321,MOURMY,326,PEA.35.125.95,Mouriri,Mouriri myrtilloides,Melastomataceae
922,187,PEA0322,FARAOC,35,PEA.35.125.187,Faramea,Faramea occidentalis,Rubiaceae
923,193,PEA0323,MAR2PA,392,PEA.35.125.193,Maripa,Maripa panamensis,Convolvulaceae
924,46,PEA0324,TET2PA,234,PEA.35.140.46,Tetragastris,Tetragastris panamensis,Burseraceae
925,82,PEA0325,TET2PA,228,PEA.35.140.82,Tetragastris,Tetragastris panamensis,Burseraceae
926,83,PEA0326,TET2PA,274,PEA.35.140.83,Tetragastris,Tetragastris panamensis,Burseraceae
927,87,PEA0327,TET2PA,226,PEA.35.140.87,Tetragastris,Tetragastris panamensis,Burseraceae
928,186,PEA0328,TET2PA,244,PEA.35.140.186,Tetragastris,Tetragastris panamensis,Burseraceae
929,87,PEA0329,MAR2PA,433,PEA.35.155.87,Maripa,Maripa panamensis,Convolvulaceae
930,36,PEA0330,SWARS2,432,PEA.40.05.36,Swartzia,Swartzia simplex var. continentalis,Fabaceae
931,38,PEA0331,SWARS2,622,PEA.40.10.38,Swartzia,Swartzia simplex var. continentalis,Fabaceae
932,47,PEA0332,SWARS2,282,PEA.40.10.47,Swartzia,Swartzia simplex var. continentalis,Fabaceae
933,15,PEA0333,FARAOC,242,PEA.40.100.15,Faramea,Faramea occidentalis,Rubiaceae
934,26,PEA0334,FARAOC,226,PEA.40.100.26,Faramea,Faramea occidentalis,Rubiaceae
935,163,PEA0335,MAR2PA,231,PEA.40.105.163,Maripa,Maripa panamensis,Convolvulaceae
936,35,PEA0336,RANDAR,462,PEA.40.120.35,Randia,Randia armata,Rubiaceae
937,85,PEA0337,RANDAR,246,PEA.40.120.85,Randia,Randia armata,Rubiaceae
938,88,PEA0338,MOURMY,355,PEA.40.120.88,Mouriri,Mouriri myrtilloides,Melastomataceae
939,91,PEA0339,RANDAR,181,PEA.40.120.91,Randia,Randia armata,Rubiaceae
940,94,PEA0340,RANDAR,216,PEA.40.120.94,Randia,Randia armata,Rubiaceae
941,82,PEA0341,RANDAR,91,PEA.40.125.82,Randia,Randia armata,Rubiaceae
942,140,PEA0342,EUGEOE,221,PEA.40.135.140,Eugenia,Eugenia oerstediana,Myrtaceae
943,8,PEA0343,TET2PA,203,PEA.40.140.8,Tetragastris,Tetragastris panamensis,Burseraceae
944,36,PEA0344,TET2PA,224,PEA.40.140.36,Tetragastris,Tetragastris panamensis,Burseraceae
945,46,PEA0345,MAR2PA,235,PEA.40.140.46,Maripa,Maripa panamensis,Convolvulaceae
946,126,PEA0346,MOURMY,262,PEA.40.140.126,Mouriri,Mouriri myrtilloides,Melastomataceae
947,157,PEA0347,TET2PA,413,PEA.40.140.157,Tetragastris,Tetragastris panamensis,Burseraceae
948,162,PEA0348,PRI1AS,666,PEA.40.140.162,Prionostemma,Prionostemma asperum,Celastraceae
949,167,PEA0349,TET2PA,516,PEA.40.140.167,Tetragastris,Tetragastris panamensis,Burseraceae
950,171,PEA0350,TET2PA,686,PEA.40.140.171,Tetragastris,Tetragastris panamensis,Burseraceae
951,98,PEA0351,MAR2PA,251,PEA.45.00.98,Maripa,Maripa panamensis,Convolvulaceae
952,22,PEA0352,MAR2PA,338,PEA.45.05.22,Maripa,Maripa panamensis,Convolvulaceae
953,93,PEA0353,DES2PA,294,PEA.45.05.93,Desmopsis,Desmopsis panamensis,Annonaceae
954,10,PEA0354,MAR2PA,292,PEA.45.10.10,Maripa,Maripa panamensis,Convolvulaceae
955,16,PEA0355,FARAOC,226,PEA.45.10.16,Faramea,Faramea occidentalis,Rubiaceae
956,18,PEA0356,DOLIMA,342,PEA.45.10.18,Doliocarpus,Doliocarpus major,Dilleniaceae
957,41,PEA0357,DOLIMA,282,PEA.45.10.41,Doliocarpus,Doliocarpus major,Dilleniaceae
958,77,PEA0358,DOLIMA,241,PEA.45.10.77,Doliocarpus,Doliocarpus major,Dilleniaceae
959,84,PEA0359,DOLIMA,333,PEA.45.10.84,Doliocarpus,Doliocarpus major,Dilleniaceae
960,96,PEA0360,DOLIMA,732,PEA.45.10.96,Doliocarpus,Doliocarpus major,Dilleniaceae
961,98,PEA0361,DOLIMA,391,PEA.45.10.98,Doliocarpus,Doliocarpus major,Dilleniaceae
962,177,PEA0362,FARAOC,136,PEA.45.10.177,Faramea,Faramea occidentalis,Rubiaceae
963,12,PEA0363,SWARS2,321,PEA.45.20.12,Swartzia,Swartzia simplex var. continentalis,Fabaceae
964,95,PEA0364,MAR2PA,384,PEA.45.30.95,Maripa,Maripa panamensis,Convolvulaceae
965,11,PEA0365,DOLIMA,281,PEA.45.45.11,Doliocarpus,Doliocarpus major,Dilleniaceae
966,23,PEA0366,DOLIMA,310,PEA.45.45.23,Doliocarpus,Doliocarpus major,Dilleniaceae
967,45,PEA0367,DOLIMA,291,PEA.45.45.45,Doliocarpus,Doliocarpus major,Dilleniaceae
968,154,PEA0368,CHR2CA,404,PEA.45.45.154,Chrysophyllum,Chrysophyllum cainito,Sapotaceae
969,160,PEA0369,DOLIOL,206,PEA.45.45.160,Doliocarpus,Doliocarpus olivaceus,Dilleniaceae
970,163,PEA0370,DOLIMA,722,PEA.45.45.163,Doliocarpus,Doliocarpus major,Dilleniaceae
971,164,PEA0371,CAPPFR,656,PEA.45.45.164,Capparidastrum,Capparidastrum frondosum,Capparaceae
972,166,PEA0372,DOLIMA,335,PEA.45.45.166,Doliocarpus,Doliocarpus major,Dilleniaceae
973,169,PEA0373,LACIAG,701,PEA.45.45.169,Lacistema,Lacistema aggregatum,Lacistemataceae
974,173,PEA0374,LACIAG,655,PEA.45.45.173,Lacistema,Lacistema aggregatum,Lacistemataceae
975,175,PEA0375,SWARS2,572,PEA.45.45.175,Swartzia,Swartzia simplex var. continentalis,Fabaceae
976,184,PEA0376,DOLIMA,166,PEA.45.45.184,Doliocarpus,Doliocarpus major,Dilleniaceae
977,194,PEA0377,DOLIOL,301,PEA.45.45.194,Doliocarpus,Doliocarpus olivaceus,Dilleniaceae
978,117,PEA0378,EUGEOE,561,PEA.45.80.117,Eugenia,Eugenia oerstediana,Myrtaceae
979,6,PEA0379,HYBAPR,178,PEA.45.110.6,Hybanthus,Hybanthus prunifolius,Violaceae
980,22,PEA0380,ACALDI,31,PEA.45.110.22,Acalypha,Acalypha diversifolia,Euphorbiaceae
981,42,PEA0381,HYBAPR,214,PEA.45.110.42,Hybanthus,Hybanthus prunifolius,Violaceae
982,189,PEA0382,PROTTE,341,PEA.45.115.189,Protium,Protium tenuifolium,Burseraceae
983,18,PEA0383,CAPPFR,682,PEA.45.150.18,Capparidastrum,Capparidastrum frondosum,Capparaceae